Run,Event,Lumi,pt1,eta1,phi1,Q1,pt2,eta2,phi2,Q2,M
281797,1179381630,777,24.459005,1.1188965,-2.4848633,-1,24.996565,1.1796875,-2.3618164,1,3.3919568
281797,2874023795,1694,16.873878,2.230957,-2.2768555,1,9.1594925,1.939209,-2.1542969,-1,3.945676
281797,2874000972,1694,54.237007,0.8322754,-1.8337402,1,38.436333,0.9058838,-1.7878418,-1,3.961238
281797,3143164734,1865,54.66994,0.2965088,0.38464355,1,26.209173,0.36029053,0.46240234,-1,3.80654
281797,3201389413,1904,101.06109,2.2109375,1.6374512,-1,13.504309,2.1054688,1.6489258,1,3.9330332
281797,3200676963,1904,49.064045,-0.68066406,-1.0083008,1,45.0238,-0.75476074,-0.986084,-1,3.6364312
281797,3249530184,1938,59.39062,2.1166992,-1.2473145,1,8.264437,2.1757812,-1.1062012,-1,3.3877075
281797,3249712973,1938,41.32248,0.48272705,2.3051758,1,40.47962,0.5397949,2.3637695,-1,3.345502
281797,2439864004,1441,41.502136,1.2988281,-1.1357422,1,7.4027042,1.307373,-1.3640137,-1,3.995603
281797,2438887364,1441,40.454372,1.3371582,0.25665283,-1,33.811306,1.3061523,0.34088135,1,3.3189795
281797,3022814109,1787,44.380466,-0.12710571,-2.3583984,1,36.20736,-0.1786499,-2.2944336,-1,3.2931333
281797,3022196107,1787,26.114798,2.0249023,-1.0708008,1,12.630324,2.190918,-0.9316406,-1,3.9355154
281797,3053531709,1807,38.30748,1.2253418,2.1948242,-1,19.20863,1.1291504,2.2353516,1,2.8322225
281797,3053330481,1807,39.012123,0.9580078,2.190918,1,33.19538,0.88391113,2.225586,-1,2.9443073
281797,3053737340,1807,44.833874,2.3085938,2.3173828,-1,11.906097,2.1796875,2.3945312,1,3.4764836
281797,3059562623,1811,35.566174,-1.848877,-1.4741211,-1,32.161427,-1.7451172,-1.4306641,1,3.8068607
281797,3060409702,1811,205.6278,0.75683594,0.5227051,1,45.753,0.7248535,0.5184326,-1,3.129996
281797,3211515117,1911,44.593903,2.234375,2.480957,-1,5.402403,2.456543,2.493164,1,3.4573293
281976,67713157,32,49.06731,-0.80114746,1.8364258,-1,34.481773,-0.74609375,1.7849121,1,3.101474
281976,68310876,32,33.862827,1.0561523,0.6567383,-1,22.538948,1.1638184,0.6378174,1,3.0215695
281976,70655963,33,39.049385,-1.1330566,2.1386719,1,26.451155,-1.1889648,2.2114258,-1,2.9487815
281976,74071817,35,55.70828,-2.4555664,-0.92492676,1,7.7938576,-2.309082,-0.8220215,-1,3.7416575
281976,72979282,35,52.104675,1.390625,2.262207,1,46.228416,1.3352051,2.3198242,-1,3.9235866
281976,74509264,35,22.867834,2.2353516,-2.6875,1,16.679012,2.0463867,-2.7509766,-1,3.898868
281976,76530337,37,43.365932,2.2944336,2.1499023,-1,17.3014,2.40625,2.1855469,1,3.2149553
281976,116357135,59,55.984367,-0.2763672,3.1386719,1,37.303635,-0.3413086,3.0800781,-1,3.9971914
281976,126422349,65,72.21853,-0.65075684,2.571289,1,31.62289,-0.7161865,2.5625,-1,3.1560953
281976,127220121,65,54.827213,0.90405273,-2.8740234,1,48.48575,0.866333,-2.8105469,-1,3.8068607
281976,131519832,68,42.269604,0.6221924,2.8017578,-1,29.765318,0.5404053,2.8217773,1,2.987441
281976,131231128,68,77.05334,-0.88586426,-0.89416504,1,55.79586,-0.8363037,-0.9095459,-1,3.4026644
281976,133601810,69,27.847557,2.3950195,1.9956055,-1,7.2998505,2.440918,2.2695312,1,3.9469132
281976,132459930,69,15.250394,-0.05015564,-2.7075195,-1,6.0028386,0.2268982,-2.8422852,1,2.9550104
281976,178438950,95,40.812683,1.1616211,0.08805847,1,39.527355,1.1916504,0.15603638,-1,2.9846613
281976,178810098,95,37.251427,0.89294434,2.9853516,1,8.556456,1.0490723,2.9326172,-1,2.944722
281976,2215959697,1228,102.50741,-1.0769043,2.7680664,-1,36.67917,-1.130127,2.760254,1,3.3006866
281976,210688508,114,5.8092585,1.9614258,-0.04233551,1,5.6902533,1.7441406,-0.50878906,-1,2.9376454
281976,259351316,144,83.50633,1.369873,-2.8979492,1,34.725056,1.3110352,-2.8598633,-1,3.7738824
281976,259602985,144,19.57922,0.0008649826,2.0644531,-1,8.713223,-0.23153687,2.010254,1,3.123603
281976,348639757,202,27.415648,2.0957031,-0.5078125,-1,12.696468,1.9428711,-0.55114746,1,2.9679275
281976,349208944,202,22.716366,1.1425781,0.76123047,-1,14.673424,0.99768066,0.81811523,1,2.8440933
281976,552712514,318,47.905224,2.3632812,-1.7619629,1,5.95127,2.4399414,-1.9431152,-1,3.3154469
281976,604636929,344,12.354913,0.88171387,-1.1132812,-1,9.379749,0.7423096,-1.3569336,1,3.016819
281976,607942869,346,6.1106067,-2.0771484,0.48468018,-1,8.727993,-1.854248,0.88549805,1,3.333842
281976,607054333,346,34.63235,-0.2130127,0.4118042,1,15.750105,-0.100753784,0.36090088,-1,2.8800058
281976,643259105,365,22.861073,1.9772949,-0.6984863,1,8.1135435,1.7399902,-0.54211426,-1,3.875252
281976,644807945,365,33.158813,-0.31799316,-1.9897461,1,6.128184,-0.38153076,-2.1796875,-1,2.8512735
281976,683332537,386,35.908257,-0.5123291,0.24145508,1,26.433138,-0.6016846,0.29718018,-1,3.2450383
281976,683440830,386,77.16893,-1.3823242,-1.8303223,-1,37.771393,-1.4367676,-1.8044434,1,3.2554042
281976,684153903,387,28.332912,-0.34155273,-0.47912598,1,15.875836,-0.21725464,-0.59228516,-1,3.5654113
281976,684018084,387,21.41679,-0.86572266,1.0644531,1,9.720207,-0.88549805,0.79504395,-1,3.8858216
281976,693282911,392,58.375435,-0.52734375,0.064697266,1,33.58252,-0.54333496,0.1418457,-1,3.4878416
281976,719296728,406,37.306343,-0.41955566,-2.4472656,-1,18.216885,-0.315979,-2.512207,1,3.187883
281976,719049690,406,27.844252,0.59228516,3.112793,-1,26.962994,0.51708984,-3.0898438,1,3.0191042
281976,719103323,406,66.665215,2.3076172,-0.49957275,-1,45.05861,2.3735352,-0.50219727,1,3.6185286
281976,1382454827,781,19.08128,1.2851562,1.7495117,-1,16.435894,1.2016602,1.6130371,1,2.8318777
281976,1384379136,782,41.920555,1.578125,-1.0703125,1,27.716387,1.671875,-1.0732422,-1,3.197289
281976,1396706738,789,50.920467,0.88012695,-1.9543457,1,31.859684,0.80529785,-1.9428711,-1,3.0501986
281976,1400842886,791,38.160164,-0.98950195,-0.53930664,-1,30.577236,-0.97595215,-0.6326904,1,3.2223887
281976,1401164892,791,64.45625,-2.1572266,1.1755371,-1,39.146355,-2.197754,1.1103516,1,3.8568122
281976,1444005537,814,63.234997,1.9724121,-2.0317383,-1,25.097498,1.8786621,-2.0273438,1,3.7395687
281976,1443456355,814,73.55962,-1.1687012,1.4765625,-1,30.062765,-1.1313477,1.4165039,1,3.3272078
281976,1443662404,814,43.116257,-0.22241211,1.0974121,-1,25.452938,-0.29943848,1.1342773,1,2.829549
281976,1445592786,815,50.413292,-2.25,-0.64575195,-1,9.605408,-2.3808594,-0.62890625,1,2.9047375
281976,1452740079,819,43.384212,-0.28967285,-1.8513184,-1,33.20353,-0.3812256,-1.8349609,1,3.5311809
281976,1452602259,819,52.112934,-1.8425293,1.1733398,-1,28.336346,-1.8291016,1.0910645,1,3.2015622
281976,1944372427,1100,26.06491,0.78430176,-1.6557617,-1,13.133069,0.94628906,-1.6083984,1,3.125664
281976,1468418358,827,84.531845,0.7244873,-2.8686523,1,30.616983,0.77575684,-2.8295898,-1,3.279315
281976,1809132118,1025,37.036755,-0.71899414,-1.543457,1,7.568494,-0.89404297,-1.6828613,-1,3.748307
281976,1808688746,1025,5.424779,2.099121,0.28289795,-1,5.319111,1.8962402,0.90112305,1,3.4457996
281976,1809051381,1025,39.50629,-0.05948639,-1.2275391,1,32.634766,-0.1506958,-1.197998,-1,3.4436734
281976,1820183375,1032,7.379906,1.6362305,-0.58862305,1,7.2794895,1.8757324,-0.20098877,-1,3.3267493
281976,1819537187,1032,43.997044,-1.4750977,1.3195801,-1,45.555584,-1.4042969,1.3127441,1,3.1856613
281976,1819793912,1032,37.653294,-1.1755371,-2.2416992,-1,22.842636,-1.263916,-2.1499023,1,3.7364337
281976,1821241638,1033,14.412204,-1.9958496,-0.44226074,1,6.0016403,-1.6601562,-0.19628906,-1,3.8789043
281976,1821681157,1033,51.888954,1.2929688,1.2375488,1,34.196003,1.2263184,1.302002,-1,3.9056249
281976,1822175829,1033,60.638626,1.2807617,1.4501953,1,31.935457,1.2009277,1.4248047,-1,3.6882944
281976,1825235992,1035,30.261139,-1.7246094,-1.8830566,-1,5.3965073,-1.6135254,-1.6396484,1,3.4124084
281976,1828551545,1037,39.60184,1.2248535,0.08187866,-1,17.3847,1.1318359,0.13830566,1,2.8550599
281976,1832694323,1040,52.2395,1.8005371,1.1030273,-1,38.94787,1.7712402,1.0473633,1,2.8367014
281976,1832357731,1040,48.91689,-0.7937012,-2.4858398,1,31.061531,-0.7220459,-2.5043945,-1,2.8855107
281976,1921973626,1090,124.71364,0.16998291,1.6088867,-1,34.69638,0.22238159,1.598877,1,3.508917
282037,15116603,8,40.36047,0.7167969,-2.0551758,-1,30.249866,0.6203613,-2.010254,1,3.7182903
282037,54949539,27,40.792713,-0.74572754,-2.494629,1,32.75756,-0.6817627,-2.4365234,-1,3.159188
282037,54999510,27,42.09915,1.8217773,-1.104248,-1,12.441653,1.7033691,-1.0446777,1,3.0349526
282037,55482334,27,44.826748,-1.2868652,0.081466675,-1,32.706985,-1.3769531,0.089904785,1,3.4660745
282037,54499513,27,65.46414,-0.45544434,0.0790863,-1,56.280773,-0.43493652,0.017974854,1,3.9126198
282037,56349890,27,33.469883,0.45361328,-0.5284424,1,35.503685,0.40533447,-0.6324463,-1,3.951488
282037,301099338,156,24.875616,-1.9111328,-0.47833252,1,13.483473,-1.7817383,-0.5899658,-1,3.129996
282037,300186845,156,66.12625,1.043457,-2.9204102,1,30.567783,0.9857178,-2.9663086,-1,3.3163304
282037,1151550796,640,16.584953,-2.3842773,0.87402344,1,6.6160355,-2.208496,0.58325195,-1,3.5511057
282037,1151952337,640,61.966568,0.46203613,-0.18746948,1,51.018112,0.52282715,-0.17010498,-1,3.555091
282037,1151947429,640,61.44007,-0.25549316,-1.0620117,1,28.52671,-0.18078613,-1.076416,-1,3.1858146
282037,323372408,170,64.002144,1.3012695,-0.5909424,-1,20.077677,1.373291,-0.5604248,1,2.8048508
282037,1987370314,1113,146.90707,1.4335938,-2.4638672,-1,69.695496,1.4291992,-2.4921875,1,2.8966575
282037,2529213357,1467,57.860985,-1.4382324,-1.5107422,-1,33.245472,-1.3618164,-1.4648438,1,3.9106226
282037,2531000324,1468,50.85025,0.88183594,2.9472656,-1,28.065815,0.85632324,2.8701172,1,3.068871
282731,17986762,9,93.66625,-0.22302246,1.1459961,1,33.431934,-0.270813,1.1757812,-1,3.1517603
282731,16942868,9,48.00228,1.3747559,-1.2375488,-1,27.851831,1.3000488,-1.3120117,1,3.8563056
282731,17585034,9,17.543137,0.8441162,1.5593262,-1,11.979121,0.70617676,1.7143555,1,3.0075588
282731,17451296,9,26.366417,-2.119629,-1.5664062,-1,47.225037,-2.125,-1.652832,1,3.054198
282731,44495119,22,132.08452,-0.7186279,0.76904297,1,23.661903,-0.6633301,0.7949219,-1,3.4146972
282731,44599050,22,26.093813,0.44049072,-1.3117676,1,16.613075,0.57714844,-1.3771973,-1,3.1564047
282731,44330408,22,37.01385,-0.6981201,-0.3189087,1,36.187656,-0.76086426,-0.24017334,-1,3.6841881
282731,224478099,119,40.881134,-0.29992676,0.33099365,1,28.360638,-0.34539795,0.23529053,-1,3.606567
282731,51909626,25,117.750435,0.27722168,-2.8129883,1,59.302452,0.2532959,-2.8378906,-1,2.8851721
282731,50979383,25,16.997112,-0.23260498,-1.947998,-1,9.96117,0.00012227893,-2.0024414,1,3.1166785
282731,58134138,28,52.588993,-1.1191406,-0.20925903,1,12.703117,-1.1962891,-0.3062744,-1,3.2035441
282731,85210516,45,48.856697,-1.3425293,-1.4365234,1,8.025138,-1.2475586,-1.5522461,-1,2.9634821
282731,84486599,45,21.433657,-0.8123779,-2.9628906,1,16.871723,-0.6485596,-2.958496,-1,3.1198003
282731,85049432,45,7.1073823,-1.8466797,-1.8718262,-1,6.739496,-1.6472168,-1.407959,1,3.46919
282731,84946481,45,55.894104,1.4777832,1.5351562,1,48.059418,1.5197754,1.4912109,-1,3.1499007
282731,188264661,99,60.88573,1.4460449,-2.1210938,-1,43.41624,1.5170898,-2.119629,1,3.6561165
282731,269926704,142,90.33448,0.8658447,-2.9941406,-1,63.275333,0.90405273,-2.9829102,1,3.0110474
282731,269861078,142,85.34812,-1.3942871,-2.1796875,1,15.453056,-1.3537598,-2.255371,-1,3.1181173
282731,270229095,142,66.16256,2.1254883,2.9077148,-1,13.096519,2.2231445,2.8984375,1,2.888555
282731,271426312,142,35.852238,1.8820801,1.3110352,1,15.605072,1.9829102,1.2087402,-1,3.397207
282733,5465062,4,37.111866,0.57873535,-0.2868042,-1,10.617745,0.6437988,-0.42010498,1,2.9428558
282733,26210303,16,17.056372,1.5935059,-2.2416992,1,10.793627,1.4489746,-2.0063477,-1,3.742114
282733,108217234,59,54.43536,1.9777832,-2.1577148,1,26.904192,2.0600586,-2.177246,-1,3.2355447
282733,117289442,63,39.593082,-0.52685547,-2.7495117,1,33.896103,-0.6068115,-2.7490234,-1,2.9300938
282733,117309578,63,51.429375,1.3522949,-0.6113281,1,41.68853,1.2770996,-0.62597656,-1,3.5493176
282733,168331886,89,112.17955,-0.56799316,-2.9887695,1,47.039597,-0.5291748,-2.980957,-1,2.8783948
282733,217651380,116,71.0846,0.035217285,1.1887207,-1,6.52418,-0.030590057,1.3356934,1,3.4652996
282733,255443474,136,66.045265,0.12294006,2.0019531,-1,62.3978,0.08355713,1.9570312,1,3.8344655
282733,256101269,136,20.061563,-2.324707,-3.1240234,-1,10.180332,-2.472168,-2.9223633,1,3.567157
282733,268441970,143,27.760937,1.364502,-2.7509766,1,31.66782,1.4577637,-2.7338867,-1,2.8121529
282733,312069656,167,31.896255,-2.2480469,0.102874756,-1,5.983215,-2.4291992,0.27453613,1,3.4477122
282733,313536329,167,100.51206,0.6308594,0.44128418,-1,24.62589,0.6035156,0.36657715,1,3.9563043
282733,312743789,167,46.059444,-1.3149414,-2.5961914,1,30.10551,-1.3083496,-2.5097656,-1,3.2270827
282733,320355883,171,66.28049,-0.859375,0.36358643,-1,49.174446,-0.88220215,0.3190918,1,2.8542047
282733,319128094,171,49.335487,-1.7282715,-2.5610352,1,21.882322,-1.8007812,-2.5131836,-1,2.8545468
282734,28591528,14,94.973625,1.5693359,0.47894287,1,55.460274,1.5292969,0.45300293,-1,3.4641016
282734,524228356,263,41.048214,-1.2419434,-2.7832031,-1,31.802834,-1.1430664,-2.7426758,1,3.8623786
282734,526549394,264,68.56045,-0.43701172,-1.9968262,-1,39.78424,-0.38098145,-1.9545898,1,3.6649203
282734,526644029,264,46.174927,-1.263916,1.0959473,1,30.761686,-1.2260742,1.0266113,-1,2.9771264
282734,526410056,264,44.249027,-1.1945801,-2.9985352,-1,40.91473,-1.2629395,-3.0219727,1,3.074911
282734,526421910,264,52.229027,-2.2539062,-2.199707,1,41.948994,-2.2504883,-2.1362305,-1,2.9606798
282734,425090919,214,16.432695,1.001709,-0.7314453,1,9.891467,1.2016602,-0.58154297,-1,3.1883998
282734,424823323,214,47.953255,1.5725098,-0.78723145,-1,11.912468,1.5495605,-0.9169922,1,3.1471093
282734,430514860,217,46.778603,-0.31951904,1.8815918,1,28.073776,-0.29901123,1.9675293,-1,3.2011046
282734,447993768,225,90.09967,2.2402344,-0.87609863,-1,7.901034,2.1206055,-0.89208984,1,3.21617
282734,447435697,225,60.943893,0.03943634,-2.290039,-1,30.213833,-0.046524048,-2.322754,1,3.947903
282734,441356959,222,81.03691,-2.0761719,-1.1474609,1,7.1532974,-1.9506836,-1.1264648,-1,3.066961
282734,261169772,127,14.407031,2.199707,2.1152344,-1,7.3852854,1.9291992,2.2817383,1,3.2824402
282734,261131679,127,35.13604,-1.2375488,-2.1679688,-1,31.562069,-1.3134766,-2.1030273,1,3.3275013
282734,244945657,119,39.36405,-2.1674805,-1.6699219,1,26.724903,-2.1416016,-1.7583008,-1,2.9830248
282734,331095805,164,19.099277,0.6385498,2.7861328,-1,13.038331,0.8154297,2.7260742,1,2.951223
282734,331405681,164,48.012184,0.2658081,2.7871094,-1,24.637615,0.3581543,2.78125,1,3.1836681
282734,332141481,164,18.117622,1.7380371,3.099121,1,14.240153,1.9116211,-3.105957,-1,3.0601075
282734,333774529,165,37.35961,-1.4645996,-0.49804688,1,7.1992183,-1.6555176,-0.5230713,-1,3.1625865
282734,333594458,165,44.18097,-0.88012695,-2.913086,1,40.135406,-0.9281006,-2.8408203,-1,3.6518402
282734,335691280,166,111.40503,0.37817383,3.0454102,1,68.57571,0.34191895,3.0600586,-1,3.4152691
282734,334575659,166,37.412903,-1.5053711,-2.040039,1,32.521416,-1.6037598,-2.0297852,-1,3.4522412
282734,335791234,166,14.693222,-0.27172852,2.895996,-1,10.957399,-0.46307373,3.0512695,1,3.1283576
282734,334959400,166,57.81086,-2.0981445,-2.043457,1,46.71008,-2.0341797,-2.0219727,-1,3.5133674
282734,337691645,167,36.960114,-1.1804199,-0.9647217,1,25.908237,-1.072998,-0.91259766,-1,3.696229
282734,345977764,172,56.323788,0.45220947,1.6035156,1,40.24769,0.4083252,1.5471191,-1,3.4020903
282734,346164140,172,11.432132,-1.578125,1.0571289,1,6.4049053,-1.5563965,0.63623047,-1,3.5799327
282734,346559905,172,59.817616,1.9599609,-2.2202148,-1,29.051435,2.0117188,-2.2861328,1,3.4977672
282734,283936707,139,21.175272,2.2416992,-1.4020996,1,20.69661,2.397461,-1.4916992,-1,3.7635174
282734,285629910,140,59.900322,0.5987549,-0.47729492,-1,40.743095,0.56848145,-0.5476074,1,3.7817664
282734,285513583,140,52.929977,0.11343384,-2.8100586,-1,8.480244,0.22866821,-2.6762695,1,3.7403195
282734,325449602,161,31.685118,-1.0834961,1.1071777,-1,19.195776,-0.96899414,1.0568848,1,3.0853739
282734,325610860,161,60.30833,-0.55773926,2.1713867,-1,44.107258,-0.6262207,2.1567383,1,3.6125865
282734,325481694,161,43.62589,-0.26696777,1.4216309,-1,33.25459,-0.17919922,1.423584,1,3.3446991
282734,302526858,149,40.621975,0.86169434,1.1455078,-1,29.856585,0.9559326,1.1386719,1,3.291947
282734,302989699,149,40.665348,-1.1098633,-1.6599121,-1,32.881332,-1.126709,-1.7443848,1,3.1488154
282734,279505449,137,41.722324,1.8479004,2.2944336,1,28.94062,1.7905273,2.3535156,-1,2.8613808
282734,280241587,137,36.038708,-1.4943848,-3.0419922,-1,14.992947,-1.5825195,-2.9575195,1,2.8375618
282734,294487788,144,39.753334,-0.85839844,2.2353516,-1,32.049423,-0.8093262,2.1738281,1,2.8088517
282734,294280069,144,50.231377,-2.4301758,0.380188,-1,7.8167706,-2.2768555,0.38305664,1,3.0452318
282734,302108756,148,19.708927,1.001709,1.5307617,-1,10.977411,0.881958,1.3227539,1,3.5261302
282734,305356719,150,8.969034,-2.0195312,-0.61901855,-1,9.227955,-2.3823242,-0.76953125,1,3.5895355
282734,308515100,152,32.808887,-1.4597168,-1.965332,1,29.547157,-1.3625488,-1.9702148,-1,3.0301223
282735,95212304,50,143.31921,-1.2185059,2.0668945,-1,28.94103,-1.2668457,2.0795898,1,3.2198117
282735,276191463,136,15.837188,0.22265625,2.3320312,-1,5.207629,0.5036621,2.1455078,1,3.0686224
282735,808589581,401,30.238234,-2.046875,0.70532227,-1,21.149418,-2.019043,0.5559082,1,3.84159
282735,1032388594,513,48.448868,-1.6206055,-0.5305176,-1,15.93725,-1.7424316,-0.46435547,1,3.854786
282735,1432801520,735,39.504528,1.449707,0.5604248,-1,27.266762,1.385498,0.6212158,1,2.9017103
282735,179351626,91,29.671906,0.87390137,-0.38189697,1,16.395538,0.88964844,-0.24746704,-1,2.982943
282735,179953805,91,65.6348,-0.4979248,-2.3676758,1,32.55286,-0.52441406,-2.305664,-1,3.1165512
282735,631873487,316,18.97706,0.45965576,1.1057129,1,21.627205,0.6031494,1.0959473,-1,2.9162295
282735,631792670,316,114.76169,-0.3411255,2.5351562,-1,38.65387,-0.38537598,2.5429688,1,2.9931562
282735,630073552,316,49.39678,-0.12145996,-0.9914551,-1,32.58956,-0.16760254,-1.0620117,1,3.3823705
282735,3243326650,1753,59.164787,-2.1064453,-0.94628906,1,51.16606,-2.0419922,-0.9244385,-1,3.7395687
282735,1425197394,730,51.734047,-1.3615723,-2.0151367,-1,30.08711,-1.2712402,-1.9907227,1,3.6922638
282735,2113415304,1156,37.943104,0.9848633,2.3154297,1,29.157478,1.0732422,2.2612305,-1,3.448845
282735,2113951060,1156,67.66512,0.29510498,0.1723938,-1,29.938929,0.24307251,0.11286926,1,3.5586603
282735,2381621766,1288,37.50746,-0.101882935,2.2236328,-1,28.03386,-0.17541504,2.163086,1,3.0887744
282735,2995771052,1608,50.14602,-0.92785645,-0.12872314,1,42.653572,-0.9970703,-0.13275146,-1,3.2073524
282735,2994853978,1608,47.517483,-1.9726562,1.3825684,-1,11.716683,-2.0737305,1.3098145,1,2.9388294
282735,3116457654,1675,7.9419184,-1.291748,-1.8879395,1,6.6766825,-1.3676758,-1.4133301,-1,3.4680636
282800,45345166,29,6.4792013,2.0341797,-0.26159668,-1,8.496835,2.1103516,0.13360596,1,2.9678452
282800,229558126,130,49.9741,2.229004,-2.5854492,1,6.119448,2.0507812,-2.6733398,-1,3.4798527
282814,757696805,390,51.20744,1.5600586,2.1479492,-1,26.984573,1.6320801,2.1987305,1,3.2775276
282814,758133772,390,45.79204,1.3630371,3.0664062,-1,26.787218,1.2790527,3.133789,1,3.7718115
282814,980608456,503,28.912138,-0.8413086,-1.9980469,-1,19.718065,-0.69299316,-1.9880371,1,3.5526178
282814,1116351923,572,42.52893,-0.28808594,2.3481445,1,16.482977,-0.3491211,2.2392578,-1,3.3037915
282814,1114525828,572,22.01053,0.22116089,-2.3916016,-1,6.629726,0.04497528,-2.6479492,1,3.752091
282814,1133522195,581,48.412025,1.8547363,-0.5041504,1,6.298626,1.9689941,-0.61779785,-1,2.8152764
282814,1204333563,619,48.582714,0.68530273,-2.1738281,1,29.465685,0.7624512,-2.159668,-1,2.968421
282814,1204141778,619,35.156773,1.4431152,-0.9460449,1,17.8838,1.5708008,-0.9215088,-1,3.2624462
282814,1214567971,624,39.471874,1.1640625,1.6469727,-1,39.037197,1.2614746,1.6384277,1,3.839047
282814,1214513936,624,59.517086,-0.7158203,-1.251709,-1,35.258163,-0.6888428,-1.3071289,1,2.8228974
282814,823376009,424,13.137398,-1.9223633,1.4785156,-1,8.002358,-2.0410156,1.1408691,1,3.6545134
282814,853738045,439,43.193832,0.91589355,2.512207,1,40.646744,0.9938965,2.5351562,-1,3.4072533
282814,1733771582,928,37.145016,0.97888184,-2.5126953,-1,34.963276,0.93359375,-2.5854492,1,3.088063
282814,1740049238,932,16.270264,-0.46258545,2.5839844,-1,9.718833,-0.63879395,2.4301758,1,2.9420676
282814,1739635843,932,47.486645,1.3723145,-0.79016113,1,35.120033,1.3039551,-0.8317871,-1,3.2685766
282814,1739680557,932,33.475487,0.1751709,0.57092285,-1,16.959343,0.22354126,0.72106934,1,3.7553673
282814,1740318897,932,75.33378,-1.6750488,0.146698,1,10.355503,-1.6794434,0.016742706,-1,3.6325352
282814,1110431258,569,36.362904,-1.2460938,1.8085938,1,31.786257,-1.3479004,1.8305664,-1,3.5424325
282814,1110038470,569,32.906418,-1.1516113,1.7016602,-1,20.200203,-1.2668457,1.6606445,1,3.1548574
282814,1113162331,571,41.107212,1.1950684,1.0029297,-1,44.40716,1.1191406,0.99853516,1,3.25
282814,1113716982,571,53.84794,-1.3693848,1.6936035,-1,35.92022,-1.3027344,1.6716309,1,3.087905
282814,1120175725,574,9.125042,-2.1923828,2.9770508,1,8.333515,-2.1572266,2.5800781,-1,3.4528775
282814,1120136342,574,69.40141,0.8547363,1.5559082,1,39.280746,0.8720703,1.6206055,-1,3.4958122
282814,1120110365,574,141.63904,1.4057617,1.0168457,1,16.065393,1.3625488,0.9727783,-1,2.9408226
282814,1241678533,639,17.716972,-0.3062744,-1.144043,1,12.353622,-0.48718262,-0.973999,-1,3.673703
282814,1241983991,639,17.924671,-0.70581055,-3.0771484,1,13.86689,-0.8630371,-2.887207,-1,3.885523
282814,1284186173,662,77.35821,-0.2482605,1.0153809,1,37.523064,-0.19625854,1.0522461,-1,3.4350843
282814,1290950076,666,113.516266,-1.2197266,2.8867188,-1,86.04966,-1.2521973,2.8735352,1,3.4618456
282814,1309722652,676,44.5185,0.049942017,-2.8911133,1,8.425908,-0.048713684,-3.012207,-1,3.0245981
282814,1310030338,676,38.309177,-1.371582,-2.9541016,1,37.311497,-1.2927246,-2.9887695,-1,3.256604
282814,1328193906,687,60.04288,1.0698242,-1.0859375,1,56.14098,1.1293945,-1.1081543,-1,3.6912057
282814,1373925332,712,44.13898,0.60754395,-2.230957,-1,7.987286,0.75097656,-2.1499023,1,3.09517
282814,1373007619,712,89.089516,-0.50598145,0.7409668,1,21.522993,-0.43347168,0.7196045,-1,3.3107307
282814,1425132944,742,26.12902,1.1657715,-0.6003418,-1,19.40998,1.1035156,-0.46099854,1,3.4348001
282814,1427371481,743,134.14789,-1.2390137,-2.7495117,-1,51.11527,-1.1916504,-2.7543945,1,3.9459236
282814,1431299012,745,38.394703,-1.0996094,1.0944824,1,28.069883,-1.0053711,1.0959473,-1,3.0954857
282814,1400865952,728,16.209026,-0.5498047,3.1396484,1,12.122961,-0.42852783,-2.9628906,-1,3.0477362
282814,1488271146,779,32.8574,1.9616699,2.447754,1,9.451325,1.9816895,2.255371,-1,3.4038122
282814,1490045122,780,54.174534,-0.041679382,3.1357422,1,28.672728,-0.10992432,-3.0986328,-1,3.3070414
282814,1491045025,780,7.76307,1.5092773,1.3181152,-1,7.4402485,1.1975098,1.0446777,1,3.1546156
282814,1493525097,782,54.209488,-0.7331543,-2.5615234,1,38.277946,-0.70532227,-2.505371,-1,2.854718
282814,1493597990,782,41.19235,2.3808594,0.8411865,-1,17.146883,2.2578125,0.8880615,1,3.5022314
282814,1577177855,832,36.2115,-1.2529297,-2.4863281,1,34.957966,-1.182373,-2.5458984,-1,3.2852654
282814,1577934605,832,43.780384,1.4255371,0.16073608,1,32.71838,1.5073242,0.10585022,-1,3.7291086
282814,2984108360,1603,40.97091,-1.1901855,0.34735107,-1,26.272362,-1.0910645,0.32055664,1,3.370657
282814,2984695609,1603,73.96602,-2.2519531,-2.0463867,-1,13.77198,-2.1601562,-2.0307617,1,2.9659526
282814,2986541671,1604,23.258162,1.8393555,0.19393921,1,12.343269,1.9562988,0.031089783,-1,3.394619
282814,1530632142,804,42.859493,-1.4406738,-1.3410645,-1,41.17886,-1.3952637,-1.4033203,1,3.2373552
282814,1538674338,809,40.170013,1.7487793,-2.8701172,1,35.519432,1.6745605,-2.934082,-1,3.7017732
282814,1539845200,809,17.990936,-0.11351013,-0.9835205,-1,16.81097,0.025882721,-0.8688965,1,3.139381
282814,1562731586,823,54.68199,1.8491211,-2.3769531,-1,13.594484,1.8127441,-2.265625,1,3.1905622
282814,1563243335,823,22.368778,-2.1845703,1.935791,1,8.296009,-2.152832,2.177246,-1,3.3092556
282814,1582170371,835,28.155043,-0.6394043,-0.4961548,1,7.124137,-0.39019775,-0.5402832,-1,3.5933595
282814,1650757201,877,10.222843,-0.68933105,1.907959,-1,7.222216,-1.0830078,2.1323242,1,3.910529
282814,1651707613,877,48.01618,-0.88586426,-0.23464966,1,28.435566,-0.8092041,-0.30755615,-1,3.9093738
282814,1666920475,886,82.02099,0.25610352,-0.7147217,1,34.24065,0.32757568,-0.7211914,-1,3.8039093
282814,1666707000,886,52.491955,-0.23989868,0.47357178,-1,27.105778,-0.165802,0.44024658,1,3.0649703
282842,53270263,28,62.446125,-1.1103516,1.5639648,-1,11.602008,-1.0490723,1.657959,1,3.0197916
282842,52707462,28,40.03628,0.92749023,2.290039,1,27.69549,0.8413086,2.2919922,-1,2.871431
282842,52559584,28,41.866993,-0.11305237,-2.4995117,-1,12.77759,-0.19543457,-2.366211,1,3.622642
282842,52463049,28,31.713844,-0.53845215,0.28375244,-1,25.461805,-0.48669434,0.16021729,1,3.804102
282842,116290091,62,59.356354,-0.08352661,-1.9880371,1,29.567398,-0.011011124,-1.9831543,-1,3.0454724
282842,115919609,62,78.62442,1.8740234,-0.14926147,-1,7.8658853,2.0195312,-0.15625,1,3.6239223
282842,115295994,62,39.113678,-2.019043,3.1279297,-1,29.442728,-1.9985352,3.0229492,1,3.6239223
282842,115867175,62,41.418446,-1.3154297,-0.916626,1,32.669113,-1.234375,-0.91516113,-1,2.9833522
282842,115129785,62,27.040773,1.8193359,1.920166,1,5.5222187,2.0429688,1.8718262,-1,2.8013668
282842,122230284,66,50.607147,0.25286865,0.56677246,-1,57.977013,0.24853516,0.51171875,1,2.9910347
282842,122583786,66,42.49396,-0.9078369,-0.4210205,1,34.755486,-0.89208984,-0.34197998,-1,3.0965896
282842,123710006,66,72.25522,1.7185059,-0.42993164,1,21.641886,1.7304688,-0.5214844,-1,3.64863
282842,122437935,66,55.114338,-1.7834473,3.0493164,-1,8.169255,-1.9150391,3.0751953,1,2.8483822
282842,140966607,75,16.405157,0.69384766,-1.659668,1,7.4367642,0.5871582,-1.3134766,-1,3.9832566
282842,139683095,75,54.546593,0.7475586,-2.4194336,1,32.15925,0.6812744,-2.4521484,-1,3.0961165
282842,81164084,44,51.88387,0.27215576,1.6401367,1,9.1844225,0.1902771,1.526123,-1,3.0632174
282842,116735302,63,77.32203,-1.4477539,-0.402771,-1,52.342953,-1.4279785,-0.34698486,1,3.7624793
282842,148209325,79,53.71827,1.9621582,0.77197266,1,12.378453,1.8793945,0.6915283,-1,2.9751575
282842,148140722,79,22.259155,-0.88964844,0.539917,-1,7.2683578,-0.9333496,0.81225586,1,3.4978893
282842,105107600,56,37.39041,-1.0998535,-2.305664,-1,28.339539,-1.0661621,-2.3945312,1,3.0934343
282842,104566145,56,84.3493,0.99645996,1.3110352,1,48.01662,0.9466553,1.3422852,-1,3.7427013
282842,67956961,37,59.61358,1.2429199,2.8027344,1,30.123556,1.1586914,2.7617188,-1,3.970103
282842,67470198,37,14.169654,-1.3205566,-1.302002,-1,7.24198,-1.6391602,-1.0922852,1,3.873141
282842,133076164,71,10.492613,-1.0981445,-0.6743164,-1,6.1844687,-0.98547363,-0.19421387,1,3.936593
282842,132040709,71,106.578674,-1.3549805,-2.3637695,1,86.34415,-1.3312988,-2.3310547,-1,3.8709657
282842,134218145,72,25.126673,-0.89123535,1.6533203,1,7.3480096,-1.0969238,1.8249512,-1,3.6419325
282842,134621970,72,96.12557,-1.1437988,-2.2211914,-1,71.327415,-1.1196289,-2.2607422,1,3.8395557
282917,96798485,137,80.13997,-1.9870605,-1.3046875,-1,8.384186,-1.8474121,-1.3051758,1,3.6217659
282917,96923220,137,58.097095,-0.08778381,0.36883545,1,43.64864,-0.03553772,0.4151001,-1,3.514479
282917,97817259,137,76.04392,0.98095703,-0.5440674,-1,65.49618,1.0249023,-0.548584,1,3.119996
282917,148561031,173,27.50746,2.333496,3.1088867,1,18.724977,2.1860352,-3.1030273,-1,3.720194
282917,148273541,173,62.08512,-1.8630371,1.0222168,1,14.065308,-1.7744141,0.95996094,-1,3.2003417
282917,149334174,173,29.033983,-1.1733398,1.2080078,1,16.92775,-1.0734863,1.2871094,-1,2.8245401
282917,148133904,173,65.29626,2.1674805,3.1049805,-1,33.47269,2.2167969,-3.1401367,1,2.912795
282917,149004479,173,65.88045,-1.2023926,2.3876953,1,22.07432,-1.1337891,2.3085938,-1,3.9929137
282917,176949846,189,47.609318,-0.4453125,0.17324829,-1,29.317348,-0.3612671,0.17510986,1,3.1418297
282917,176489378,189,36.15768,0.16409302,-2.6245117,-1,35.85797,0.1720581,-2.7216797,1,3.509126
282919,71322552,36,126.20851,1.0961914,-1.4960938,1,26.707396,1.1428223,-1.53125,-1,3.391165
282919,72410916,36,44.681038,1.4130859,0.48083496,1,35.732994,1.3344727,0.5040283,-1,3.2754412
282919,117709120,60,20.846401,0.91625977,0.9572754,-1,5.4318233,1.1433105,0.7104492,1,3.5674307
282919,118570740,60,46.39019,-0.4326172,-2.7827148,-1,11.358945,-0.32965088,-2.8598633,1,2.9539928
282919,116845087,60,47.895977,1.2954102,1.7897949,1,27.335997,1.3962402,1.7939453,-1,3.6529098
282919,117932419,60,41.11276,-2.0766602,-0.71154785,-1,9.431969,-2.0561523,-0.532959,1,3.5366385
282919,350743801,181,33.7256,0.46148682,2.484375,1,7.7311344,0.6314697,2.4033203,-1,3.0436683
282919,350857220,181,47.181202,-1.3640137,-1.3366699,-1,25.924442,-1.2788086,-1.3195801,1,3.0410602
283043,7347475,5,19.967081,-1.3547363,1.6508789,-1,13.189814,-1.5627441,1.6210938,1,3.4159124
283043,7348014,5,25.603378,-1.8842773,0.2567749,1,7.931674,-2.0161133,0.030078888,-1,3.731857
283043,7351556,5,47.356956,-0.7285156,-2.7661133,1,31.399895,-0.7813721,-2.7055664,-1,3.098954
283043,136821437,79,44.22722,-0.49468994,-1.9602051,-1,19.382818,-0.595459,-1.8684082,1,3.991507
283283,245303939,118,56.369667,-0.27246094,1.9499512,1,55.386242,-0.20394897,1.9519043,-1,3.8306434
283283,812742871,398,37.128567,1.4243164,0.9473877,-1,6.547801,1.6047363,1.0778809,1,3.4740949
283283,849644452,417,11.259773,0.86987305,-0.26385498,1,10.682453,0.6616211,-0.46447754,-1,3.1718268
283283,848833578,417,79.03055,-1.6513672,0.4882202,-1,22.448555,-1.6096191,0.55126953,1,3.184435
283283,1237494165,625,19.045494,1.2724609,-2.8725586,1,6.0234785,1.0681152,-2.6777344,-1,3.024477
283283,622480732,301,60.714382,-2.152832,2.5048828,1,28.721977,-2.1206055,2.5639648,-1,2.8090255
283283,623113102,301,70.92667,-1.6625977,1.753418,-1,27.476185,-1.6367188,1.8266602,1,3.4289668
283283,1739104034,914,51.60002,2.2543945,-2.1884766,1,5.609817,2.1323242,-1.9953613,-1,3.8830562
283283,2941427117,1729,38.60249,-0.70043945,-0.018070221,1,35.644108,-0.7784424,-0.03981018,-1,3.0045538
283283,2941401028,1729,18.105688,0.45715332,0.1965332,-1,6.81084,0.1512146,0.085494995,1,3.6264646
283306,9092107,8,40.560104,1.2019043,0.42114258,-1,36.54685,1.3039551,0.41192627,1,3.9474082
283306,77773120,42,39.696457,-1.2121582,1.8010254,-1,27.207048,-1.1003418,1.7770996,1,3.759883
283306,78133988,42,62.589886,-1.0666504,-0.037750244,-1,57.468323,-1.0957031,-0.076690674,1,2.914806
283306,77763501,42,41.986103,0.303833,1.1166992,-1,34.408115,0.22290039,1.1086426,1,3.0920923
283306,78876502,42,35.39785,0.7735596,3.0595703,-1,16.38303,0.6485596,3.1069336,1,3.2207215
283306,106770354,56,11.529452,-1.9575195,-1.3840332,-1,16.832132,-2.0737305,-1.5998535,1,3.4098318
283306,106070924,56,84.64416,0.66174316,0.34124756,1,40.88837,0.6143799,0.3145752,-1,3.196678
283306,105975263,56,16.800482,0.4277954,2.036621,-1,5.5507493,0.34100342,1.7070312,1,3.2774904
283306,105862593,56,78.66931,1.28125,-3.0112305,-1,66.13938,1.3239746,-3.0180664,1,3.125
283306,20224910,14,164.75992,1.2387695,1.9233398,-1,74.35085,1.2094727,1.9162598,1,3.344772
283306,49290020,28,26.020113,2.0605469,0.34387207,-1,18.58047,1.989502,0.21069336,1,3.3178024
283306,49591579,28,26.270224,-0.3729248,-0.46313477,1,9.078609,-0.59643555,-0.5377197,-1,3.645584
283306,49079412,28,9.873584,1.5998535,-1.0810547,1,9.474781,1.9694824,-1.1960449,-1,3.7635498
283306,49748624,28,19.95975,2.1171875,0.3468628,1,17.82988,2.1113281,0.19796753,-1,2.806939
283306,359872350,197,19.765097,0.23248291,-0.85266113,1,8.0072975,0.19180298,-0.6213379,-1,2.9483883
283306,359238832,197,36.62803,0.7038574,2.2929688,-1,28.15389,0.76379395,2.1953125,1,3.6786838
283306,359642018,197,43.48093,1.4560547,1.6345215,-1,24.201883,1.5395508,1.572998,1,3.3645673
283306,359216939,197,104.05563,0.9666748,-2.2807617,1,9.971071,1.0495605,-2.3129883,-1,2.8647916
283306,494563997,279,13.884414,0.39508057,2.305664,-1,11.172213,0.14291382,2.1191406,1,3.9111688
283306,48002199,27,58.06991,-0.16329956,-0.19351196,1,40.960762,-0.23495483,-0.20584106,-1,3.54629
283306,46829940,27,49.586308,0.5517578,-1.5043945,-1,5.200074,0.6397705,-1.7265625,1,3.8305795
283306,46694234,27,28.81226,0.51171875,-2.274414,1,25.59197,0.47338867,-2.1469727,-1,3.611539
283306,102663974,54,59.280544,1.7722168,2.0673828,1,5.426334,1.7607422,1.8818359,-1,3.3289685
283306,102718101,54,13.262056,0.06640625,2.6450195,-1,6.137477,0.1274414,2.291504,1,3.2202713
283306,103098391,54,17.554113,-0.39343262,-1.3950195,-1,5.3125734,-0.34124756,-1.0910645,1,2.9671152
283306,122934725,66,41.99393,0.5587158,-0.10731506,1,37.640266,0.5152588,-0.0317688,-1,3.4641016
283306,122907909,66,30.949087,-0.54919434,-1.651123,1,5.778516,-0.5921631,-1.9111328,-1,3.514722
283307,214416053,116,32.124832,-2.2021484,-2.118164,1,12.729303,-2.1757812,-2.2749023,-1,3.2100916
283307,245727206,134,56.573143,0.75720215,-0.056625366,-1,31.977785,0.7955322,-0.0028538704,1,2.8088517
283307,245640736,134,58.943275,1.9484863,-0.5427246,-1,15.114076,2.0229492,-0.44458008,1,3.6731713
283307,860584553,451,11.7918215,-0.9855957,1.0341797,1,6.986439,-0.6068115,1.0258789,-1,3.4594293
283307,739472508,391,26.931452,2.0917969,-0.60461426,1,6.8174195,2.2363281,-0.39013672,-1,3.5016737
283353,297627406,228,21.758358,1.0151367,-0.79663086,1,7.8593416,1.0407715,-1.0847168,-1,3.769254
283353,423127520,300,27.780722,1.0515137,-0.09553528,-1,14.560926,1.1918945,-0.058036804,1,2.9244223
283353,422877083,300,55.27207,-0.532959,2.4370117,1,27.962076,-0.4942627,2.5063477,-1,3.1212478
283353,422676313,300,123.623436,-0.13162231,-2.099121,-1,18.179161,-0.07199097,-2.1298828,1,3.1822875
283353,422667016,300,36.747066,-1.704834,1.0021973,1,21.237171,-1.6687012,0.8670654,-1,3.9048748
283353,445343934,313,60.49986,1.7756348,-1.0488281,-1,30.179571,1.7475586,-1.1196289,1,3.2536037
283353,387176012,279,48.27207,-0.6846924,-1.4707031,-1,43.84614,-0.60375977,-1.4958496,1,3.8998697
283353,387276218,279,57.078957,-1.4230957,-2.5375977,1,32.58432,-1.3647461,-2.5947266,-1,3.5233595
283353,401430205,287,37.797573,2.0917969,-1.4135742,1,7.36675,1.8730469,-1.5095215,-1,3.9921799
283353,403634469,288,49.063305,0.60131836,2.5249023,1,39.133083,0.54211426,2.4951172,-1,2.9042332
283353,402681535,288,27.297112,0.24176025,-1.1137695,-1,21.952747,0.22167969,-0.97436523,1,3.445091
283353,1290748179,795,33.069435,1.3293457,1.0134277,-1,15.470189,1.4350586,1.0795898,1,2.820821
283353,486351342,335,51.69909,-2.2597656,-0.78479004,-1,45.830837,-2.2875977,-0.8522949,1,3.5487673
283353,488473191,337,30.467161,-1.2158203,1.8283691,-1,16.508835,-1.0454102,1.7800293,1,3.9769845
283353,529230331,360,18.383066,-0.4874878,-0.18991089,-1,15.247795,-0.30303955,-0.21105957,1,3.1126907
283353,529211484,360,36.579468,1.0385742,-2.203125,-1,10.665246,0.9720459,-2.0595703,1,3.1227336
283353,529402769,360,42.37064,0.32409668,-1.9189453,1,32.436665,0.40185547,-1.8798828,-1,3.226553
283353,529449196,360,41.258434,-0.6611328,-1.9294434,-1,29.404062,-0.57788086,-1.8979492,1,3.1010015
283353,528569726,360,42.266155,2.0800781,-1.0258789,1,5.2539954,2.2509766,-0.8210449,-1,3.9720705
283353,528764947,360,44.355247,-0.61291504,1.3361816,-1,29.337652,-0.53515625,1.3535156,1,2.8745754
283353,529031470,360,52.927036,0.21960449,0.38287354,-1,26.208857,0.32202148,0.39624023,1,3.8483205
283353,528473905,360,66.7914,-0.7327881,1.4367676,1,5.1760397,-0.9135742,1.3474121,-1,3.7537742
283353,936756128,596,47.924057,0.96984863,0.4697876,1,43.803257,0.9539795,0.38671875,-1,3.8732355
283353,955532606,607,26.195358,-1.4956055,-2.1411133,1,6.573302,-1.4057617,-2.349121,-1,2.9685855
283353,956075720,607,80.09334,2.0419922,-2.8442383,-1,5.760181,1.9399414,-2.7226562,1,3.410691
283353,974538544,618,19.96139,-1.956543,1.2155762,-1,15.919072,-1.8166504,1.3125,1,3.0341482
283353,979063902,621,169.83394,-0.80126953,-3.0551758,-1,45.89531,-0.8364258,-3.0395508,1,3.3969195
283353,979583927,621,86.13313,-1.9787598,-1.0102539,1,13.209684,-1.9262695,-1.0900879,-1,3.225872
283353,992970691,629,24.241114,2.2910156,3.0214844,-1,20.166557,2.4418945,3.112793,1,3.9021227
283353,992421276,629,41.26999,1.0102539,2.5161133,1,45.772057,1.0947266,2.5249023,-1,3.6930573
283353,992719727,629,32.946957,-1.3103027,-1.5053711,1,15.292844,-1.2023926,-1.4013672,-1,3.364422
283353,1121579604,700,29.876465,-1.9143066,-3.1054688,-1,21.199846,-1.8178711,-3.0336914,1,3.026575
283353,1120318712,700,53.00554,0.5460205,-0.14337158,1,22.43276,0.63305664,-0.09901428,-1,3.3692803
283353,1120624470,700,52.880135,-1.703125,-1.2687988,1,13.367096,-1.7824707,-1.3952637,-1,3.9681349
283353,1123682819,701,16.373205,-1.2580566,-0.24761963,-1,10.65183,-1.1210938,-0.4182129,1,2.887921
283353,1122020602,701,130.47107,-2.2270508,-1.5952148,1,7.4893556,-2.3154297,-1.6345215,-1,3.0259297
283353,1027799350,651,38.426735,-1.1940918,1.7243652,1,26.83759,-1.098877,1.7504883,-1,3.1724522
283353,1027556536,651,28.778671,0.24325562,-2.621582,-1,19.661812,0.3217163,-2.527832,1,2.9076357
283353,1106021765,692,48.34263,1.2929688,-2.0561523,1,33.885227,1.3598633,-2.1171875,-1,3.6638544
283353,1105376364,692,72.98244,0.90515137,0.34228516,1,17.4857,0.9493408,0.2532959,-1,3.5484922
283353,1104753753,692,102.54265,-0.07369995,2.019043,-1,36.185123,-0.018844604,2.0375977,1,3.5272377
283353,1157187321,720,55.37071,0.18380737,-0.68395996,-1,46.68796,0.15966797,-0.75427246,1,3.7785373
283353,1158061415,720,100.49049,-1.5454102,-0.01483345,-1,70.28018,-1.5783691,-0.003118515,1,2.9315097
283353,1185134378,735,28.539219,2.3417969,2.125,-1,10.861052,2.230957,1.9885254,1,3.0980084
283353,1184659374,735,54.932693,1.9956055,1.7670898,1,9.446438,2.1069336,1.6567383,-1,3.5739946
283353,1260088948,778,117.15719,1.4418945,-0.9753418,-1,78.54133,1.4086914,-0.96936035,1,3.2427804
283353,1259630199,778,35.511906,1.6289062,-2.9086914,-1,22.855593,1.611084,-2.7949219,1,3.2796128
283358,972191,1,36.240963,-2.038086,-0.9532471,-1,19.830399,-2.1796875,-0.9842529,1,3.8895895
283358,18102661,11,60.46626,1.427002,-1.0859375,1,47.278923,1.3671875,-1.0693359,-1,3.3166249
283358,18507679,11,53.384693,1.4855957,-2.4804688,1,38.572067,1.4377441,-2.4155273,-1,3.6614547
283358,23854052,15,51.74024,-2.1455078,2.1259766,1,8.693238,-2.0932617,1.9941406,-1,3.0078022
283358,26870087,16,14.140384,-1.5935059,-0.018428802,1,15.71422,-1.8530273,-0.013916016,-1,3.8801
283358,38495714,24,55.70478,1.3620605,-1.6352539,-1,30.076036,1.4306641,-1.668457,1,3.119996
283358,52187048,32,15.172397,-0.09384155,-2.09375,-1,11.362789,-0.0743103,-1.8596191,1,3.0778573
283358,52701270,32,20.72241,0.8845215,1.9899902,1,14.308624,1.0405273,2.0786133,-1,3.0916975
283358,51969030,32,57.973766,2.246582,-2.434082,-1,46.425667,2.262207,-2.4936523,1,3.1868873
283358,60956106,37,39.752377,1.4538574,-2.993164,-1,20.898186,1.526123,-3.0810547,1,3.2784214
283358,66461850,41,44.29325,-1.1499023,1.8449707,1,42.67256,-1.2211914,1.8439941,-1,3.099584
283358,69314335,42,29.204119,0.60595703,-0.26342773,1,23.111647,0.5046387,-0.331604,-1,3.1732986
283453,116935755,130,17.344425,-1.8195801,1.9057617,-1,13.223119,-2.0249023,1.9624023,1,3.230863
283453,116039120,130,43.121273,0.47424316,-2.6083984,1,20.95123,0.53845215,-2.6811523,-1,2.9165645
283453,149827963,148,44.623028,-1.9389648,0.9448242,-1,26.040394,-1.8620605,1.029541,1,3.9001203
283453,188789706,168,48.34218,0.7889404,1.4772949,-1,31.002708,0.8043213,1.564209,1,3.4158409
283478,687138256,478,41.825665,-1.286377,0.14434814,1,22.04596,-1.4025879,0.09547424,-1,3.8291135
283478,687888190,478,88.007515,0.6505127,-0.272583,1,7.454954,0.7006836,-0.14465332,-1,3.5179505
283478,687017595,478,56.492573,-1.185791,-0.60668945,-1,35.59982,-1.154541,-0.6888428,1,3.9412184
283478,704526424,488,40.54744,-0.37200928,0.27478027,-1,29.316261,-0.4699707,0.2277832,1,3.7471342
283478,705437392,488,38.40762,0.18566895,-2.1054688,-1,28.995634,0.23535156,-2.1826172,1,3.0619419
283478,705361941,488,7.769837,1.890625,-0.9050293,1,5.2833076,2.1000977,-1.4094238,-1,3.468574
283478,888855278,599,27.472612,-1.2009277,2.4858398,1,6.071716,-1.2648926,2.2319336,-1,3.373408
283478,888577695,599,25.618832,-1.6176758,0.9729004,-1,5.1137924,-1.8713379,1.1213379,1,3.3696427
283478,1297072448,836,56.565403,1.7390137,1.7775879,-1,17.408638,1.6665039,1.8605957,1,3.459588
283478,1297827096,836,36.69422,1.5292969,-1.4431152,1,27.414623,1.4504395,-1.3649902,-1,3.5211415
283478,1497596353,948,24.634113,-2.354004,-2.3588867,-1,13.085193,-2.206543,-2.2666016,1,3.127499
283478,1498072775,948,31.194605,0.44299316,0.36090088,1,15.840332,0.47314453,0.4901123,-1,2.9474978
283478,1498823377,948,36.33142,1.465332,-2.9916992,-1,13.6465645,1.6223145,-2.9936523,1,3.4993024
283478,1498004996,948,16.173847,-2.041504,-0.9042969,1,5.7825475,-2.2333984,-1.2492676,-1,3.8049362
283478,1499077268,948,47.870872,0.8116455,-3.0375977,-1,45.24015,0.72839355,-3.020996,1,3.9513645
283548,191553226,236,27.335768,1.1574707,-2.4208984,1,37.457695,1.0388184,-2.3891602,-1,3.9322882
283548,192171039,236,82.138664,-0.97839355,-0.24273682,1,5.7296596,-1.1015625,-0.29071045,-1,2.8685389
283548,192319604,236,40.222584,1.7272949,-2.2421875,1,8.643191,1.6833496,-2.0615234,-1,3.4624097
283548,215700778,249,37.599678,-0.3616333,2.25,-1,27.570984,-0.44256592,2.2138672,1,2.8545468
283548,219978027,251,47.642715,-1.5974121,-3.1293945,-1,34.32462,-1.5175781,3.1342773,1,3.324859
283548,219294419,251,42.336014,-0.62890625,-0.19049072,-1,39.0333,-0.54333496,-0.18624878,1,3.4839196
283548,219166335,251,30.370867,0.82006836,-1.0161133,-1,22.580214,0.7183838,-0.9390869,1,3.3411934
283548,218926491,251,11.054086,-2.0839844,-0.2705078,1,6.275317,-1.9790039,-0.6954346,-1,3.6199453
283548,261697468,275,28.962252,-1.6279297,-1.5617676,-1,5.532378,-1.7583008,-1.8007812,1,3.4406235
283548,260826456,275,87.73874,-0.26757812,-1.161377,1,24.312218,-0.32287598,-1.1130371,-1,3.3923166
283548,267777433,278,32.225594,0.35235596,-1.6660156,1,8.437526,0.4338379,-1.8532715,-1,3.3634424
283548,268742209,279,40.262688,1.9389648,1.2102051,1,35.15482,2.024414,1.2319336,-1,3.3178024
283548,279206681,285,43.14005,-1.1694336,-2.140625,-1,31.961409,-1.1166992,-2.0634766,1,3.4697351
283680,3691013,3,49.608177,-0.48791504,-2.5048828,-1,36.434288,-0.4085083,-2.4902344,1,3.4338048
283680,3036025,3,21.360525,-2.246582,-2.887207,1,22.350302,-2.1113281,-2.8535156,-1,3.0490777
283680,5130867,4,57.47819,1.8710938,0.67285156,1,51.12713,1.8361816,0.7149658,-1,2.9672694
283680,4568865,4,80.97483,-0.1777649,1.4174805,-1,37.649582,-0.23565674,1.4306641,1,3.2788682
283680,6841511,6,38.956795,-1.0500488,0.0848999,-1,9.463847,-1.1706543,-0.01199913,1,2.9709697
283680,7096016,6,61.294655,-2.1884766,0.38848877,-1,38.066124,-2.1748047,0.45599365,1,3.3095505
283680,94351349,61,46.972923,-2.3725586,-2.9882812,-1,9.729352,-2.371582,-2.8398438,1,3.1659813
283680,94581846,61,15.245402,-0.6135254,1.4543457,-1,8.66162,-0.87731934,1.5124512,1,3.1126122
283680,95703092,61,26.999235,2.3007812,-0.9145508,-1,16.949469,2.3115234,-0.7525635,1,3.4674828
283680,94074984,61,64.95614,-0.42382812,-2.2841797,-1,33.205727,-0.37469482,-2.3544922,1,3.9832413
283680,114101797,72,79.8387,-0.5227051,1.8374023,-1,63.736614,-0.56030273,1.8208008,1,2.9311767
283680,113865197,72,39.9794,1.9697266,-1.9799805,1,8.630678,2.019043,-2.15625,-1,3.3951943
283680,112852410,72,60.49177,-1.588623,-1.1643066,-1,19.037891,-1.6708984,-1.1479492,1,2.8470106
283680,113397455,72,97.090355,1.527832,-0.14727783,-1,55.36431,1.4890137,-0.1394043,1,2.9101117
283680,10197710,8,71.0232,-0.18109131,-0.60424805,1,26.929926,-0.092178345,-0.588501,-1,3.9498813
283680,24928136,19,44.48968,1.7099609,-2.5029297,1,11.17989,1.8271484,-2.4492188,-1,2.8746603
283680,23881995,19,16.862951,1.779541,-1.2756348,-1,5.32441,1.5522461,-1.0615234,1,2.9591951
283680,24075706,19,58.285076,2.4907227,0.6425781,-1,9.700306,2.3535156,0.68774414,1,3.4392042
283680,8145287,7,40.08633,-2.2958984,2.7832031,1,5.817922,-2.145996,2.6704102,-1,2.866155
283680,8004985,7,62.325188,-1.0944824,-0.8758545,1,13.042664,-1.1708984,-0.9675293,-1,3.4026644
283680,8991542,7,71.2099,1.0612793,0.5701904,-1,32.573597,1.0961914,0.5185547,1,3.0019524
283680,19164418,15,31.059904,-1.7199707,-2.4873047,-1,9.984271,-1.5803223,-2.3671875,1,3.244587
283680,19459278,15,23.010967,-0.17797852,2.7490234,1,22.630033,-0.08560181,2.6499023,-1,3.091658
283680,43667634,31,35.88471,1.3728027,-2.7319336,1,12.243578,1.4311523,-2.8774414,-1,3.2839274
283680,56114596,38,35.7593,1.6743164,-2.5893555,-1,35.89314,1.7385254,-2.543457,1,2.830498
283680,55421808,38,48.929993,-1.9865723,-0.38476562,-1,6.7622876,-1.7927246,-0.36938477,1,3.5427082
283680,112125015,71,22.738575,2.0566406,2.102539,1,12.025912,2.133789,1.9060059,-1,3.4868615
283680,111965185,71,19.633501,-0.86206055,2.2211914,1,16.303354,-0.69836426,2.165039,-1,3.0992296
283680,111544395,71,23.153635,-0.41760254,-0.036453247,1,17.684345,-0.55371094,-0.10295105,-1,3.0671203
283820,124831231,84,18.602144,0.7550049,3.0073242,1,6.8048286,0.680542,2.6674805,-1,3.8963468
283820,126648839,85,88.44449,-0.08772278,1.1540527,1,33.421482,-0.029972076,1.1557617,-1,3.1416743
283820,552807182,320,30.133705,-1.8344727,-1.3916016,-1,10.767131,-1.9602051,-1.5263672,1,3.3204503
283820,1342085046,760,47.86059,1.3806152,2.1279297,-1,32.373486,1.3132324,2.1035156,1,2.8211672
283820,1341301509,760,26.113808,-0.33618164,-0.7998047,-1,7.975031,-0.3768921,-0.59924316,1,2.948678
283820,1323866287,750,38.76019,0.95544434,-2.0307617,-1,30.712477,1.0236816,-2.0932617,1,3.1930099
283820,1356471538,768,66.46933,-0.7213135,0.42437744,1,56.264675,-0.7636719,0.4459839,-1,2.9091048
283820,1372709664,777,81.22982,0.6373291,0.7993164,-1,22.35621,0.6793213,0.85754395,1,3.0589902
283820,1371893819,777,24.013504,0.4364624,1.515625,-1,5.561778,0.4307251,1.8283691,1,3.6001642
283820,1374661677,778,54.226776,2.1049805,-0.71069336,-1,38.433643,2.1694336,-0.6973877,1,3.0
283820,1375201515,778,9.638847,2.3085938,2.1953125,-1,9.169787,2.0302734,2.4765625,1,3.7193408
283820,1374852405,778,98.851204,1.378418,0.5266113,1,45.3777,1.362793,0.4824829,-1,3.1312437
283820,1376155965,779,36.06332,-1.2165527,-0.8552246,-1,6.904419,-1.4116211,-0.90844727,1,3.1951501
283820,1375319340,779,26.017906,0.10328674,0.8277588,-1,30.685677,0.16043091,0.7145996,1,3.5805805
283820,1379403932,781,36.327694,-0.06819153,0.112838745,-1,28.825974,0.05332184,0.09881592,1,3.9608066
283820,1380106313,781,64.680786,-0.24328613,-0.3922119,1,8.033024,-0.3053589,-0.26861572,-1,3.1510632
283820,1380017864,781,16.43406,-0.89782715,0.10618591,1,14.553092,-0.68688965,0.18701172,-1,3.498971
283820,1382109459,782,36.753765,-0.4897461,0.004216194,-1,34.01401,-0.5782471,0.043510437,1,3.4247634
283820,1381865020,782,30.944317,-0.61657715,-1.4541016,-1,24.733725,-0.56726074,-1.3574219,1,3.0017898
283820,1383452201,783,61.558083,1.0544434,2.472168,1,33.918343,1.078125,2.5361328,-1,3.1165512
283820,1383768293,783,70.93994,-1.3562012,2.7768555,-1,28.132027,-1.2868652,2.7358398,1,3.599045
283820,1386919730,785,45.925323,-0.532959,0.22924805,-1,35.436367,-0.60705566,0.19735718,1,3.2548041
283820,1325355433,751,44.852688,-1.3227539,3.1235352,1,43.98218,-1.2521973,3.0898438,-1,3.4733922
283820,1326157619,751,41.412956,-0.9909668,2.758789,1,31.78235,-0.91760254,2.7021484,-1,3.363406
283820,1362900285,772,27.719616,-0.50231934,-0.536499,-1,23.710682,-0.47198486,-0.6765137,1,3.6698465
283820,1652605869,934,18.554785,-1.0634766,-1.2231445,1,5.477038,-1.3630371,-1.0144043,-1,3.6878145
283820,1659795404,938,37.415398,-1.3747559,2.4711914,1,34.754414,-1.2856445,2.4243164,-1,3.6317286
283820,1396516393,790,54.49342,0.5041504,0.6241455,1,29.484627,0.5812988,0.5842285,-1,3.4825177
283820,1405591358,795,60.037987,0.6281738,-2.149414,-1,31.426249,0.56469727,-2.1240234,1,2.9703944
283820,1404418767,795,73.8315,1.1687012,2.7285156,1,41.629402,1.1306152,2.6953125,-1,2.8027608
283820,1412117525,799,71.58128,-0.21411133,-0.5765381,-1,59.935463,-0.17694092,-0.62023926,1,3.7575445
283820,1401786613,793,24.066368,0.3032837,-0.93151855,-1,11.634991,0.23751831,-0.77734375,1,2.8025215
283820,1402052422,793,60.82488,-0.064590454,-0.7297363,1,55.98951,-0.10932922,-0.6867676,-1,3.6200128
283820,1409041830,797,40.31469,-0.3795166,0.86413574,1,34.12997,-0.42559814,0.9388428,-1,3.255479
283820,1470857255,831,39.26583,0.60498047,0.15280151,-1,35.90796,0.6850586,0.21392822,1,3.7833157
283820,1470435751,831,140.83978,-0.920166,-2.7270508,-1,13.717155,-0.8878174,-2.652832,1,3.559209
283820,1471545608,831,64.73611,0.725708,-1.4675293,-1,43.12042,0.71765137,-1.5407715,1,3.8920994
283820,1472350404,832,26.141993,1.1706543,0.751709,1,28.576235,1.1362305,0.63830566,-1,3.2372043
283820,1473293442,832,10.857733,0.90026855,3.0532227,-1,10.116541,0.8514404,2.7543945,1,3.1619496
283820,1479123043,836,39.074116,1.2758789,-1.1242676,-1,28.908022,1.3166504,-1.0175781,1,3.8380294
283820,1480007016,836,63.314323,1.1911621,0.2258606,-1,33.05137,1.1499023,0.17337036,1,3.0532386
283820,1480991778,837,44.137203,1.1774902,-1.5673828,1,35.408672,1.1054688,-1.5168457,-1,3.4778876
283830,848113161,485,35.339977,0.28735352,-3.0351562,-1,37.808464,0.305542,-3.125,1,3.3492944
283830,848714873,485,108.30834,2.1870117,-2.8408203,1,12.8405285,2.2426758,-2.753418,-1,3.8729835
283830,848318151,485,33.88828,-2.293457,-2.2763672,1,7.9295053,-2.1401367,-2.456543,-1,3.874496
283830,853516185,487,37.943398,-2.2436523,-2.3422852,-1,24.339157,-2.1323242,-2.3515625,1,3.3957694
283830,882563211,501,36.06114,-0.7390137,-1.6298828,-1,34.309505,-0.67297363,-1.682373,1,2.9671872
283830,888346799,504,48.222557,-1.0078125,0.034111023,-1,36.708122,-0.95532227,-0.01940918,1,3.1539285
283830,888428772,504,34.333008,0.8625488,-3.0141602,1,13.3130865,1.0234375,-3.0786133,-1,3.7088234
283830,889688504,504,16.23222,1.3354492,1.4135742,1,15.965099,1.2631836,1.2497559,-1,2.879794
283830,908067800,513,133.35901,-1.1955566,-0.32147217,-1,82.25488,-1.1662598,-0.34490967,1,3.935019
283830,907093470,513,52.164665,-0.21917725,-2.5092773,1,31.981981,-0.16519165,-2.4560547,-1,3.0965106
283830,909520508,514,37.47815,1.8522949,-2.6933594,-1,5.9902215,1.7619629,-2.461914,1,3.7149403
283830,908803830,514,24.184128,0.97839355,-1.1105957,1,19.634966,0.83898926,-1.1367188,-1,3.0931187
283830,911644005,515,42.121723,1.3178711,0.040000916,1,36.38876,1.2431641,0.028827667,-1,2.95837
283830,913912951,516,54.87115,-0.15011597,1.559082,-1,33.391197,-0.19741821,1.6379395,1,3.9352052
283830,912911878,516,31.198954,-2.2719727,0.9770508,1,12.599036,-2.3530273,0.842041,-1,3.1181173
283830,941668118,529,42.306133,-0.7194824,0.2640381,-1,28.128422,-0.63500977,0.29388428,1,3.0913818
283830,944433136,531,37.31821,1.0205078,-1.4597168,-1,32.183483,0.92004395,-1.447998,1,3.50669
283830,854838247,488,17.566103,1.2939453,-1.9177246,-1,9.741442,1.1179199,-1.767334,1,3.0295985
283830,1156537419,635,35.66733,-1.1447754,-2.6816406,-1,8.799531,-1.090332,-2.5063477,1,3.2481966
283830,1159127998,636,43.442932,0.24142456,-3.133789,-1,25.624807,0.34832764,-3.0942383,1,3.8046794
283865,27841222,21,31.903288,1.8327637,-0.4465332,-1,21.064978,1.7739258,-0.3427124,1,3.092645
283865,107559721,64,41.181,-0.5019531,0.35705566,1,28.330147,-0.6055908,0.3250122,-1,3.7066505
283865,107430461,64,50.93763,1.3867188,-2.3203125,-1,33.14142,1.4519043,-2.2714844,1,3.3476903
283865,107716208,64,63.603115,-0.19537354,2.0839844,1,33.831783,-0.24655151,2.1293945,-1,3.173991
283865,1219209663,696,38.34151,-1.4013672,-0.7286377,-1,38.56116,-1.4523926,-0.6452637,1,3.7580643
283865,1221692520,697,23.683153,-0.8814697,2.8203125,1,9.522969,-1.0036621,2.6606445,-1,3.0181336
283865,1220658700,697,86.227036,-0.25134277,3.1386719,1,27.004416,-0.3227539,-3.135254,-1,3.4755
283865,1221038063,697,59.94086,2.074707,2.4389648,1,6.3664904,2.0600586,2.2885742,-1,2.9474566
283876,44092348,74,178.2175,-0.7792969,-0.3320923,-1,49.296066,-0.7479248,-0.3453369,1,3.196678
283876,45018341,74,83.45885,-1.3371582,-0.473938,1,30.357975,-1.262207,-0.49206543,-1,3.88205
283876,44079751,74,22.918463,-0.84680176,-2.796875,1,15.408682,-0.6826172,-2.7651367,-1,3.145829
283876,514807955,353,65.187,0.2479248,-2.7299805,1,59.187614,0.2977295,-2.7636719,-1,3.7351267
283876,527649100,362,40.332775,1.0925293,-2.4296875,-1,26.780846,1.2038574,-2.3842773,1,3.953094
283876,528363601,362,68.53884,0.5859375,2.7304688,-1,20.44777,0.6333008,2.8100586,1,3.4669197
283876,528646766,362,37.419533,0.050842285,-0.8746338,1,32.912735,-0.042770386,-0.9016113,-1,3.4200552
283876,527851680,362,62.89446,-1.9689941,-1.6186523,-1,11.52504,-2.0703125,-1.5498047,1,3.2977264
283876,528818626,362,20.932457,0.39562988,-2.8076172,-1,17.95855,0.25494385,-2.864746,1,2.9460688
283876,528672185,362,53.27591,0.9842529,-0.20397949,-1,42.67994,1.0629883,-0.21835327,1,3.8176196
283884,705146036,612,29.887907,1.6364746,2.2675781,-1,10.344451,1.7783203,2.1625977,1,3.1049356
283884,809828540,669,28.372,-0.62609863,0.03313446,1,15.574434,-0.70666504,0.14614868,-1,2.9166899
283933,61588707,104,44.70137,1.0966797,-1.5061035,1,5.7084093,1.1296387,-1.7521973,-1,3.9564278
283933,63002334,104,33.98384,-2.2719727,-0.6331787,1,15.430273,-2.1425781,-0.71484375,-1,3.506133
283934,4977129,4,30.444324,-0.8880615,1.4899902,-1,30.26585,-0.82543945,1.5925293,1,3.6458185
283934,79067381,47,6.4140573,-0.56066895,2.237793,-1,6.122431,-0.8840332,2.6166992,1,3.1165512
283946,245531348,220,53.547035,-1.2729492,-0.072250366,-1,10.059909,-1.3581543,0.07270813,1,3.900746
283946,339397669,276,23.718674,-2.2929688,1.3151855,-1,10.952172,-2.0581055,1.3791504,1,3.9325366
283946,339214035,276,46.915924,-0.93395996,-2.8422852,1,41.468475,-0.86950684,-2.8950195,-1,3.673836
283946,836863051,576,7.2403874,1.7089844,1.8427734,-1,10.629246,2.0092773,2.083496,1,3.3810349
283964,486295517,299,26.82796,-1.4482422,-1.2441406,1,16.041445,-1.5895996,-1.1760254,-1,3.2572036
283964,486477827,299,13.806641,-0.37994385,-1.2028809,1,11.932152,-0.12071228,-1.177002,-1,3.353101
283964,542690895,336,154.95757,-1.098877,-0.06843567,1,33.898415,-1.067627,-0.03564453,-1,3.2834814
283964,542016435,336,31.42651,-0.18270874,1.4743652,-1,12.266317,-0.3486328,1.4177246,1,3.445782
283964,579548509,361,36.958496,0.31915283,0.7322998,1,29.805601,0.3764038,0.6456299,-1,3.446933
283964,593987120,370,62.494556,-1.0878906,0.9925537,-1,47.803207,-1.137207,1.0234375,1,3.1807528
283964,593348292,370,37.648037,-0.06454468,2.0722656,1,24.796677,0.049690247,2.0625,-1,3.504984
283964,592671565,370,24.71015,1.5766602,0.6043701,-1,14.238507,1.4379883,0.72998047,1,3.5103085
283964,607772265,379,40.9478,-0.42370605,-0.39508057,1,19.298397,-0.47601318,-0.49523926,-1,3.175452
284006,202059243,184,61.562897,0.9650879,-0.18856812,1,20.115797,0.91308594,-0.122039795,-1,2.9722018
284006,208968237,188,19.850176,1.565918,-2.5761719,-1,10.932699,1.5380859,-2.3183594,1,3.8097453
284006,509854902,356,63.79238,1.1999512,0.079055786,-1,32.109123,1.168457,0.1437378,1,3.256304
284006,511171386,356,48.639946,2.1083984,1.6567383,-1,19.693825,2.0175781,1.6469727,1,2.8298078
284014,282632909,162,23.230585,-2.3095703,2.3422852,1,19.91155,-2.3603516,2.4624023,-1,2.802064
284014,282612295,162,13.464376,-0.42437744,3.1386719,-1,6.2237897,-0.1685791,2.9301758,1,3.0237303
284014,464091551,265,52.53782,-0.30700684,1.046875,1,25.653156,-0.26080322,0.9482422,-1,3.9973745
284025,41982425,133,40.350044,-0.19729614,0.8919678,-1,7.4796762,-0.17773438,1.09375,1,3.5159721
284025,42549801,133,45.41245,1.5651855,2.5078125,-1,13.765806,1.6643066,2.5966797,1,3.3289685
284025,43159866,133,32.317665,-1.9104004,-0.67858887,1,6.5947104,-1.7363281,-0.8132324,-1,3.2149553
284025,42518232,133,36.01526,0.9959717,-1.9831543,-1,26.810978,0.883667,-1.9433594,1,3.7042785
284041,21609742,14,35.943005,2.3232422,-1.2114258,-1,8.637508,2.3125,-0.98535156,1,3.9789486
284042,87035350,55,44.842743,2.1958008,1.6535645,-1,15.790215,2.0527344,1.6982422,1,3.9960918
284042,159846435,99,38.77325,-1.8378906,-1.9960938,-1,9.036917,-1.9433594,-1.8483887,1,3.3957694
284042,160595389,99,50.851643,-2.0610352,-0.7171631,1,33.07558,-1.9855957,-0.710083,-1,3.1112196
284042,183501452,113,40.44861,0.63378906,2.224121,1,18.047272,0.5123291,2.1894531,-1,3.4146256
284042,182489732,113,47.758232,-1.0549316,-0.8378906,-1,34.30774,-1.0466309,-0.91015625,1,2.9428144
281797,1887056428,1149,54.55466,-0.395813,2.9125977,-1,37.65249,-0.32373047,2.8930664,1,3.3854005
281797,1912079590,1162,41.17458,-1.6520996,-2.2929688,1,14.529075,-1.5617676,-2.4262695,-1,3.937252
281797,1928159749,1171,39.648502,-0.6904297,0.21533203,-1,33.380123,-0.62402344,0.16116333,1,3.1180391
281797,1927648282,1171,43.65877,0.2723999,0.59851074,-1,15.117553,0.2265625,0.46466064,1,3.6323001
281797,1965428601,1193,23.865517,1.6748047,-3.0966797,-1,10.683087,1.8330078,-2.9384766,1,3.5720813
281797,2000606489,1212,68.62255,-1.0419922,1.9116211,-1,15.738874,-1.0251465,1.8144531,1,3.2385616
281797,1999958141,1212,62.489548,1.0151367,1.0830078,-1,45.30092,0.95544434,1.0656738,1,3.3074844
281797,2004889380,1215,38.70051,-2.2260742,-0.2322998,-1,20.678764,-2.3310547,-0.16796875,1,3.4854608
281797,2039768848,1232,37.152008,-0.051635742,-2.9277344,1,28.573118,-0.10852051,-3.0234375,-1,3.6263468
281797,2039272622,1232,47.319847,-1.0786133,-0.4611206,1,30.536726,-0.9902344,-0.44067383,-1,3.4494112
281797,1912476024,1163,67.07164,0.3768921,2.0151367,1,45.51964,0.34539795,1.9631348,-1,3.3586118
281797,1914992710,1164,6.0131364,-1.9382324,2.8105469,-1,7.625929,-1.9433594,-2.9169922,1,3.7145789
281797,1914004681,1164,25.02556,-0.26489258,0.90856934,-1,5.6982355,-0.13027954,1.152832,1,3.3247764
281797,1952110353,1185,37.63093,1.2121582,-2.3168945,-1,33.67516,1.1379395,-2.3916016,1,3.7486978
281797,1951848840,1185,36.8662,0.33447266,0.66467285,-1,35.891872,0.39770508,0.7233887,1,3.1388755
281797,1959398390,1189,18.884186,0.5855713,1.2258301,-1,10.929652,0.78466797,1.1855469,1,2.9229193
281797,2077074461,1251,46.466057,1.1960449,3.008789,-1,6.5656085,1.092041,2.8833008,1,2.8464959
281797,2654288278,1562,39.07708,-0.73547363,1.9880371,-1,38.403152,-0.81347656,2.0024414,1,3.0734816
281797,2574711225,1516,22.439625,-1.0439453,2.694336,-1,14.755079,-1.1416016,2.8198242,1,2.8926091
281797,2578847530,1518,51.922733,-1.0053711,-0.673584,1,28.92076,-1.0830078,-0.7039795,-1,3.2310143
281797,2577991055,1518,78.77113,-0.70788574,1.0703125,1,51.861046,-0.67077637,1.0402832,-1,3.0519588
281797,2586908089,1523,71.3804,-0.9522705,0.57385254,1,88.51896,-0.9720459,0.6121826,-1,3.4289668
281797,2589527437,1524,48.578106,1.9138184,-1.2158203,-1,29.986542,1.9829102,-1.1860352,1,2.873641
281797,2589059557,1524,38.704506,-0.89624023,-0.51123047,-1,30.534214,-0.98620605,-0.5456543,1,3.312205
281797,2605103401,1533,51.527893,0.44848633,1.0856934,1,29.305916,0.5028076,1.0336914,-1,2.9220004
281797,2604047393,1533,64.67819,0.23171997,0.5854492,-1,57.70464,0.29370117,0.5970459,1,3.8530123
281797,2608595705,1535,26.496489,0.30151367,-1.2045898,1,15.964942,0.32403564,-1.0319824,-1,3.5758045
281797,2609115852,1535,72.43509,1.0239258,-2.7753906,1,30.964972,1.0532227,-2.7094727,-1,3.4164126
281797,2609058503,1535,55.233093,-2.1611328,0.122024536,-1,13.925364,-2.2426758,0.21298218,1,3.391165
281797,2613178034,1538,46.937366,1.8859863,-0.7930908,1,22.848158,1.9821777,-0.8531494,-1,3.7133627
281797,2621394854,1543,122.17974,1.4042969,2.8891602,1,40.622223,1.3647461,2.8740234,-1,2.9790938
281797,2623062833,1543,43.560894,-0.2758789,-1.4821777,1,27.154547,-0.3649292,-1.5290527,-1,3.4618456
281797,2623477937,1544,63.16387,1.0200195,-2.0141602,1,41.902157,1.0910645,-2.0371094,-1,3.8405728
281797,2628479157,1547,43.983387,-1.800293,0.4847412,-1,14.078653,-1.9294434,0.567749,1,3.82171
281797,2629597153,1547,58.496468,0.7585449,-1.4819336,1,9.9681,0.8031006,-1.6196289,-1,3.4922488
281797,2629346793,1547,32.529305,0.31713867,2.6987305,-1,30.430239,0.22741699,2.6235352,1,3.683459
281797,2631086774,1548,76.081795,-1.8847656,-0.4633789,-1,26.902483,-1.9287109,-0.39697266,1,3.6044676
281797,2630852956,1548,27.576311,-1.6481934,2.7070312,1,25.19096,-1.675293,2.5913086,-1,3.13062
281976,1694276754,956,55.047245,0.08102417,-1.0932617,-1,37.941456,0.06271362,-1.173584,1,3.7637768
281976,1693170267,956,20.96306,-0.7615967,-2.2680664,1,5.8805447,-0.7969971,-1.9667969,-1,3.3554301
281976,1694016338,956,40.561638,0.5128174,0.2284851,1,37.404434,0.44451904,0.27868652,-1,3.3019438
281976,1790286085,1014,59.558765,0.0786438,-0.61291504,1,52.581924,0.13134766,-0.6069336,-1,2.9682565
281976,1791254046,1014,61.30468,0.8656006,-0.46575928,1,61.87573,0.9154053,-0.4645996,-1,3.068871
281976,1160641701,659,21.416395,1.3186035,1.0161133,-1,5.855821,1.6237793,0.84680176,1,3.9188547
281976,1180689460,670,89.93076,1.0544434,1.2380371,-1,61.78413,1.0195312,1.2143555,1,3.1474197
281976,1395460107,788,15.035346,-0.07974243,-0.05834961,-1,12.580092,0.13232422,0.03778839,1,3.2070384
281976,1408010563,795,39.9684,-1.2399902,-1.7250977,-1,42.452244,-1.1694336,-1.6992188,1,3.097378
281976,1594963562,898,35.757835,0.84936523,-1.3742676,1,5.984256,1.0661621,-1.3149414,-1,3.2940228
281976,1594099199,898,43.36069,-1.8374023,-0.028079987,-1,8.318631,-1.9919434,-0.0016884804,1,2.9807324
281976,1635927345,922,35.238934,-1.3430176,-0.32861328,-1,27.812325,-1.282959,-0.428833,1,3.656784
281976,1670169377,942,66.52365,0.32458496,0.7050781,1,27.225676,0.2677002,0.75671387,-1,3.2694728
281976,1672688242,944,38.77568,1.1950684,0.30133057,-1,32.62667,1.262207,0.21972656,1,3.7583241
281976,1673405989,944,74.54955,-1.4555664,3.0776367,-1,15.651578,-1.5212402,2.9995117,1,3.4849005
281976,1677771017,947,37.768265,0.8477783,2.541504,-1,29.929253,0.7624512,2.5351562,1,2.8778858
281976,1678613507,947,61.052776,1.2285156,-1.6276855,1,30.233152,1.2839355,-1.7006836,-1,3.9362597
281976,1678952114,947,19.744305,0.7558594,-3.084961,-1,5.624675,0.49517822,-2.9506836,1,3.09656
281976,1681527568,949,44.846485,0.27313232,0.78967285,1,33.618847,0.35113525,0.802124,-1,3.067757
281976,1707594660,964,57.628067,2.119629,2.8154297,-1,42.62819,2.163086,2.7631836,1,3.365728
281976,1192577087,677,41.674984,0.81591797,-1.3693848,-1,31.333567,0.7216797,-1.3530273,1,3.4574704
281976,2337698052,1305,48.53347,-0.07069397,-2.1157227,-1,27.652437,-0.13644409,-2.057129,1,3.2264018
281976,2336483066,1305,39.734566,1.3161621,-0.95617676,-1,25.970585,1.3447266,-1.0554199,1,3.3151522
281976,2336535886,1305,40.356937,-0.65625,-1.8891602,1,34.87766,-0.7310791,-1.9187012,-1,3.0186594
281976,3459632724,1973,61.604565,1.1872559,-0.97839355,-1,37.8613,1.2463379,-0.9437256,1,3.30837
281976,3491906341,1994,121.078766,-1.1625977,0.5909424,-1,35.06358,-1.1379395,0.55163574,1,3.0259297
281976,3490454178,1994,45.553932,1.5256348,0.1169281,1,14.97833,1.652832,0.033584595,-1,3.972808
281976,3515853983,2010,19.665089,-1.4226074,-0.6254883,1,12.276775,-1.237793,-0.55566406,-1,3.0734022
281976,3515644179,2010,151.83093,1.1088867,-3.1386719,1,30.720095,1.1396484,3.1064453,-1,3.3459396
281976,3516183475,2010,34.22799,1.5935059,2.1445312,1,29.694063,1.6723633,2.0952148,-1,2.9649646
281976,3550775091,2034,49.96316,-0.5456543,-2.9902344,-1,20.373285,-0.46832275,-2.9389648,1,2.9608448
281976,3554099391,2036,42.82495,-0.7890625,-1.3466797,1,28.98464,-0.8609619,-1.4155273,-1,3.5073862
281976,3556480167,2038,41.756054,-0.6274414,-0.51672363,1,28.92872,-0.7089844,-0.59399414,-1,3.904187
281976,3564862310,2043,31.749155,1.3200684,-0.48425293,1,18.471498,1.2893066,-0.6251221,-1,3.4889615
281976,3579468487,2053,76.64092,2.1401367,2.3632812,1,15.121562,2.1621094,2.446289,-1,2.9208302
281976,3579430854,2053,57.43141,-0.45758057,2.8310547,1,16.577085,-0.4477539,2.7338867,-1,3.0121822
281976,3579670280,2053,37.75787,-0.8568115,0.8529053,1,29.271734,-0.7463379,0.89404297,-1,3.9210968
281976,3580612735,2054,80.51519,1.354248,1.2766113,-1,34.732285,1.4123535,1.2858887,1,3.1112196
281976,3589709424,2060,44.471172,-1.0744629,2.0786133,-1,35.344673,-0.9958496,2.135254,1,3.8419712
281976,3590598940,2060,57.786312,-1.3364258,-1.9775391,1,26.53673,-1.2944336,-2.0361328,-1,2.8225515
281976,3589887082,2060,29.285938,-2.184082,-3.081543,-1,8.610606,-2.3603516,-2.9267578,1,3.7264888
281976,3591327531,2061,34.215397,-2.1489258,2.175293,1,8.606219,-2.2329102,2.0288086,-1,2.8966575
281976,3595754982,2064,52.013336,0.673584,-3.0581055,1,29.87603,0.74194336,-3.0839844,-1,2.881955
281976,3605658646,2070,66.238846,-0.21130371,-1.1750488,-1,35.45287,-0.16000366,-1.1333008,1,3.2056773
281976,3344539849,1898,27.75004,-2.2070312,2.190918,-1,9.659479,-2.0859375,1.9912109,1,3.8209436
281976,3345280267,1899,131.50104,1.418457,-2.0688477,1,112.65615,1.3876953,-2.0664062,-1,3.7583241
281976,3370645035,1915,50.422344,-2.3735352,-1.2897949,1,35.725254,-2.4194336,-1.2207031,-1,3.5178118
281976,3369797942,1915,12.987622,-1.8269043,-0.06774902,-1,7.359828,-2.055664,0.12634277,1,2.9348392
281976,3371471397,1916,52.84548,-1.689209,0.81640625,-1,10.138365,-1.6462402,0.6602783,1,3.7450488
281976,3379014138,1921,62.58817,-0.15237427,-1.3205566,-1,17.143,-0.24752808,-1.3208008,1,3.1178825
281976,3385753433,1925,41.821312,-1.0549316,-1.7016602,-1,34.454838,-1.1403809,-1.704834,1,3.2463923
281976,3392685153,1930,26.054022,-2.0683594,-1.845459,1,14.190332,-2.2041016,-1.9404297,-1,3.1853547
281976,3415304780,1944,46.335304,0.5428467,1.7072754,1,27.854422,0.5473633,1.8112793,-1,3.738263
281976,3427743256,1952,39.888283,0.1871643,-2.9648438,-1,33.318676,0.17779541,-3.0488281,1,3.0799882
281976,3427216357,1952,12.469985,-2.4155273,1.8891602,1,9.031065,-2.1411133,1.9445801,-1,2.9802408
281976,3428327301,1953,19.261349,0.7166748,2.7495117,1,18.236477,0.8199463,2.8706055,-1,2.9822881
281976,3429281566,1953,141.41745,0.90197754,1.1794434,1,82.98255,0.9281006,1.1936035,-1,3.2198117
281976,3446667309,1965,18.217058,0.14239502,-0.41815186,-1,23.179996,0.11480713,-0.2791748,1,2.9093146
281976,3510671507,2007,39.940052,0.20791626,-0.18670654,-1,37.851364,0.2709961,-0.2645874,1,3.8964877
281976,3567234946,2045,77.898224,1.2070312,3.052246,1,19.049402,1.2407227,2.9750977,-1,3.2442858
281976,1656722545,934,41.68298,-0.90600586,-2.1386719,-1,36.045475,-0.83044434,-2.1113281,1,3.1152976
281976,1735952455,981,51.182663,0.89489746,-3.137207,1,29.4432,0.80407715,-3.1191406,-1,3.5961947
281976,1736509616,981,45.427277,2.057129,2.9550781,-1,10.232323,1.8986816,2.975586,1,3.4494112
281976,1756239266,993,15.764742,-0.33392334,0.80493164,1,5.0981174,-0.21884155,1.2351074,-1,3.963614
281976,1793690196,1016,48.698013,1.9187012,2.8173828,1,35.247242,1.8959961,2.8911133,-1,3.1942332
281976,1793590772,1016,23.868958,1.9255371,1.2609863,1,6.6487956,1.9975586,1.5029297,-1,3.17276
281976,1864754297,1060,34.676117,2.2495117,1.7885742,1,28.31323,2.2827148,1.8911133,-1,3.3761573
281976,1759578170,995,44.336,-0.6015625,-2.5361328,-1,43.746407,-0.5390625,-2.5732422,1,3.201867
281976,1759310075,995,112.68018,-1.2006836,2.8261719,1,47.544384,-1.251709,2.8164062,-1,3.803781
281976,1809744787,1026,40.586655,1.3579102,3.0043945,1,30.55061,1.4077148,3.0874023,-1,3.408113
281976,2060889377,1158,21.142033,-0.9732666,-2.5273438,1,16.485481,-0.8198242,-2.4033203,-1,3.6845858
281976,2060858683,1158,71.77351,-0.81274414,-1.5612793,-1,28.32254,-0.77734375,-1.6166992,1,2.9643059
281976,2061679123,1158,69.622116,1.3249512,0.92993164,1,26.575212,1.3540039,1.0141602,-1,3.8303883
281976,2060534358,1158,52.679703,1.6352539,1.8391113,1,6.7138305,1.7788086,1.7160645,-1,3.5553656
281976,2063158528,1159,105.3491,1.7160645,2.1503906,-1,8.406649,1.7138672,2.2739258,1,3.6795466
281976,2063137667,1159,41.470654,-1.3217773,0.9104004,1,29.093464,-1.3063965,1.0231934,-1,3.9521058
281976,2064295503,1159,40.882088,1.0961914,-2.387207,1,35.663795,1.1826172,-2.444336,-1,3.9563043
281976,2068787196,1161,42.868793,2.1362305,2.9174805,-1,8.610972,2.2929688,2.9711914,1,3.1856613
281976,2068846296,1161,59.67469,-1.4020996,-2.5097656,1,41.256924,-1.3435059,-2.5454102,-1,3.404386
281976,1721072129,972,124.51214,-1.2099609,-0.6956787,-1,119.54333,-1.1904297,-0.7182617,1,3.6422005
281976,1736664804,982,17.2197,1.8181152,-2.2231445,-1,11.820926,1.9484863,-2.050293,1,3.086956
281976,1737147305,982,109.700775,1.2631836,1.3847656,-1,38.13221,1.3068848,1.3608398,1,3.222237
281976,1737889772,982,48.363747,0.0055236816,-1.9865723,-1,41.12025,-0.06455994,-2.0322266,1,3.7307448
281976,2093960928,1173,17.865053,0.41827393,1.4902344,1,10.875765,0.23150635,1.5983887,-1,3.0112703
281976,2106199699,1178,63.821877,0.7434082,-0.9041748,1,33.41033,0.6939697,-0.8376465,-1,3.8275828
281976,2107356311,1179,43.521145,1.2531738,2.1845703,-1,31.866795,1.1584473,2.2011719,1,3.5827277
281976,2108477809,1179,19.385525,-2.324707,-1.9396973,1,14.249973,-2.246582,-1.7607422,-1,3.2424793
281976,2108778099,1179,73.995735,1.7758789,-0.71325684,-1,6.3980255,1.8395996,-0.56152344,1,3.577272
281976,2112931735,1181,49.73616,-2.317871,-0.7783203,1,24.324617,-2.243164,-0.83483887,-1,3.269174
281976,2112295969,1181,47.397175,1.1948242,-2.3955078,-1,29.317825,1.1640625,-2.474121,1,3.146799
281976,2335078607,1304,43.185024,0.62072754,2.2519531,1,39.83646,0.5415039,2.2539062,-1,3.288088
281976,2345608495,1311,83.020164,0.94091797,0.72802734,-1,23.880325,0.977417,0.7811279,1,2.8685389
281976,2346125286,1311,20.335253,-0.5449219,1.5395508,-1,6.768774,-0.29125977,1.4724121,1,3.086165
281976,2345713168,1311,35.8257,1.1889648,-1.550293,-1,20.840654,1.2983398,-1.5837402,1,3.126562
281976,2344829279,1311,26.415375,-1.5695801,-2.4033203,1,6.737804,-1.6166992,-2.6645508,-1,3.5320103
281976,2345041475,1311,40.611008,-0.44274902,-2.416504,1,28.592278,-0.52453613,-2.4580078,-1,3.1260936
281976,2348346591,1313,15.680721,-0.40637207,-0.045135498,1,24.00736,-0.49871826,-0.16363525,-1,2.9141357
281976,3728349215,2158,83.65958,0.8105469,3.0551758,-1,68.905785,0.7762451,3.0249023,1,3.4742355
281976,3730696491,2159,16.678913,-1.708252,-1.8374023,-1,13.980509,-1.5913086,-2.0131836,1,3.2217069
281976,1990242589,1127,17.819508,0.22711182,-0.9063721,-1,7.033062,0.5390625,-0.8045654,1,3.6868463
281976,1991882018,1127,68.77499,-2.411621,-2.2646484,-1,9.110667,-2.319336,-2.1469727,1,3.7416575
281976,2045470076,1151,13.152258,-2.0756836,2.493164,1,7.6724925,-2.400879,2.6445312,-1,3.6151536
281976,2092021252,1172,37.093605,-1.0866699,0.7236328,1,29.127934,-1.1523438,0.66186523,-1,2.9631526
281976,2091625792,1172,65.99647,-2.0986328,0.16342163,-1,39.232372,-2.038086,0.17965698,1,3.1942332
281976,3340271016,1896,52.68953,0.07824707,-2.6083984,-1,30.141575,0.16143799,-2.602539,1,3.3247123
281976,3463689511,1976,57.177296,0.55285645,1.0927734,1,30.63903,0.5308838,1.1606445,-1,2.984825
281976,3468905890,1979,23.977062,-1.8798828,-2.6801758,-1,5.713596,-1.9770508,-2.4399414,1,3.0273817
281976,3472474755,1982,62.02077,0.27581787,-2.6293945,1,40.64065,0.1982727,-2.6225586,-1,3.9093738
281976,3475303299,1984,48.782436,1.4138184,-1.916748,-1,26.695915,1.4997559,-1.925293,1,3.1178043
281976,3483097441,1989,27.672424,1.7197266,2.8496094,1,11.531298,1.8356934,2.958496,-1,2.8416889
281976,3487276825,1991,18.773674,0.10270691,1.1933594,1,12.041471,0.2937622,1.3366699,-1,3.593283
281976,3487365701,1991,66.038765,-0.84973145,-3.0048828,-1,29.264776,-0.7729492,-2.9677734,1,3.75
281976,3493954886,1996,24.620987,-1.2524414,2.069336,-1,20.02218,-1.3908691,2.0092773,1,3.3521361
281976,3501026697,2000,55.279053,-0.5037842,-1.4375,-1,46.332253,-0.48156738,-1.4931641,1,3.0328603
281976,3502595407,2002,33.076797,-2.0722656,2.307129,1,16.559002,-2.1762695,2.416504,-1,3.5360863
281976,3624979013,2083,140.51991,1.4289551,-1.4494629,-1,92.6548,1.4611816,-1.440918,1,3.8078866
281976,3668360467,2112,106.14274,1.1674805,2.1948242,-1,14.500986,1.2236328,2.270996,1,3.7138886
281976,3668253976,2112,55.11384,2.1074219,-0.8947754,-1,45.483627,2.0786133,-0.9494629,1,3.0948546
281976,3214023752,1815,17.919188,-2.2763672,-3.0981445,1,19.230902,-2.3671875,2.9907227,-1,3.9760022
281976,3214028383,1815,152.5996,-0.8469238,-0.623291,1,72.80352,-0.8835449,-0.6224365,-1,3.8588374
281976,3221018214,1820,33.54077,-0.09866333,-1.0698242,-1,10.081848,0.06730652,-1.1186523,1,3.18478
281976,3220982244,1820,104.66871,-1.1188965,1.2731934,1,8.900757,-1.1442871,1.1564941,-1,3.6432729
281976,3224248871,1822,64.50556,-1.3735352,0.8466797,-1,42.844986,-1.3093262,0.8720703,1,3.6287696
281976,3224558856,1822,26.002714,1.9633789,-1.4545898,1,10.055934,1.7912598,-1.4067383,-1,2.8926091
281976,3230284842,1825,62.116264,-0.8885498,-1.833252,-1,23.21892,-0.8659668,-1.7416992,1,3.5798645
281976,3228797531,1825,38.371895,-0.315979,1.2739258,-1,29.819794,-0.20553589,1.2536621,1,3.8001208
281976,3234189431,1828,53.912746,2.1044922,0.9703369,1,25.006659,2.1020508,1.0710449,-1,3.6996622
281976,3242195944,1833,86.90964,-0.272583,-1.1286621,-1,83.314835,-0.22640991,-1.1257324,1,3.9365077
281976,3242041478,1833,32.023098,-1.7729492,0.14505005,-1,33.417847,-1.7072754,0.06034851,1,3.505576
281976,3277918560,1855,42.4949,-2.2128906,0.6479492,1,40.67852,-2.2836914,0.64624023,-1,2.939494
281976,3278491541,1856,13.2032,-0.96777344,2.7143555,-1,10.547764,-0.90270996,2.9760742,1,3.1741064
281976,3279142782,1856,44.039352,1.0324707,2.3017578,-1,29.449076,1.0871582,2.225586,1,3.3760126
281976,3281247040,1857,34.14545,0.71069336,0.7705078,1,29.598057,0.64453125,0.8609619,-1,3.5620203
281976,3280441793,1857,35.725018,0.19717407,2.038086,-1,17.98034,0.28448486,2.1445312,1,3.4887164
281976,3285173548,1860,57.33453,0.48266602,0.59814453,-1,27.97567,0.564209,0.57507324,1,3.3951943
281976,3287976789,1862,42.708736,2.0063477,-0.8758545,1,7.974356,1.920166,-0.6933594,-1,3.7191439
281976,3288342873,1862,44.48739,0.52941895,1.5209961,1,39.969467,0.46575928,1.5864258,-1,3.8490818
281976,3292007090,1864,17.437962,0.26654053,-1.6096191,-1,8.105277,0.3366089,-1.8642578,1,3.1319747
281976,3292098243,1864,47.540157,1.3681641,0.01020813,-1,32.496857,1.4467773,0.0065641403,1,3.09517
281976,3301483240,1871,65.418274,-1.8361816,-1.2858887,1,38.87986,-1.862793,-1.3425293,-1,3.1511407
281976,3305011934,1873,59.16221,1.296875,-0.09397888,1,27.129633,1.2436523,-0.03061676,-1,3.3157413
281976,3314011816,1879,26.239319,2.15625,1.4414062,-1,6.3169594,2.1157227,1.2128906,1,2.9807324
281976,3338931778,1895,20.53545,2.4179688,2.6611328,-1,17.84942,2.4375,2.4663086,1,3.7453096
282034,2996973,2,97.097145,1.6252441,-1.9196777,-1,40.5625,1.5727539,-1.9165039,1,3.2965417
282034,8137696,4,41.78883,-2.168457,1.6098633,1,11.542571,-2.130371,1.7438965,-1,3.0573938
282034,35030690,16,45.43989,-1.6279297,-3.0239258,1,10.703685,-1.7121582,3.128418,-1,3.4303904
282034,35675353,17,55.273827,-2.2050781,-0.31195068,1,44.453377,-2.28125,-0.2866211,-1,3.9764934
282034,23662911,11,49.35101,1.4790039,-1.5483398,-1,21.925274,1.5473633,-1.6201172,1,3.2599008
282034,22877886,11,28.718607,-1.4243164,1.1081543,1,23.046581,-1.3730469,0.9798584,-1,3.5527554
282734,543675923,272,51.490486,1.8005371,2.2592773,-1,24.489004,1.8603516,2.3447266,1,3.700718
282734,542145258,272,43.458405,-2.243164,2.3286133,1,36.32,-2.2749023,2.3920898,-1,2.8118055
282734,543117406,272,54.07853,-1.345459,-0.75219727,-1,19.36086,-1.2929688,-0.65649414,1,3.5327706
282734,633746249,318,41.160828,-1.2900391,0.3939209,1,29.584574,-1.373291,0.34368896,-1,3.393468
282734,633346358,318,32.354355,-1.6201172,-0.121917725,-1,29.79785,-1.5327148,-0.06448364,1,3.247896
282734,633055106,318,77.86848,0.18496704,-1.4851074,1,28.334768,0.24780273,-1.4763184,-1,2.9802408
282734,593890574,298,66.20483,0.8725586,-2.6152344,1,26.364185,0.9532471,-2.6240234,-1,3.3917408
282734,594327910,298,15.873611,0.638916,-0.033325195,-1,11.53135,0.8696289,0.04737854,1,3.313329
282734,604487933,303,34.22553,-0.21755981,-3.1254883,-1,8.900506,-0.3361206,-3.0146484,1,2.8330197
282734,628269419,316,34.790916,-0.8939209,-0.118270874,-1,31.811657,-0.8823242,-0.21594238,1,3.2706676
282734,628013090,316,42.27247,1.2609863,2.1342773,-1,40.682613,1.3310547,2.1479492,1,2.9616692
282734,628860483,316,46.49336,-2.465332,-3.0292969,-1,6.215178,-2.4833984,-2.8520508,1,3.0272202
282734,641788401,323,88.507355,-0.6053467,-1.3789062,-1,29.273779,-0.5377197,-1.4030762,1,3.6558492
282734,644686938,324,51.016804,0.77978516,0.8457031,1,30.435345,0.8529053,0.8983154,-1,3.5500054
282735,52785714,28,68.07252,-1.8544922,-3.0463867,1,22.493902,-1.894043,-3.1347656,-1,3.7924678
282735,53213802,28,16.889494,-0.6538086,-2.9760742,1,15.693385,-0.4590454,-3.005371,-1,3.2115362
282735,53003999,28,57.428917,0.95043945,-2.4697266,-1,35.65173,0.9281006,-2.5395508,1,3.3166249
282735,69906147,37,57.613174,-0.8010254,0.38806152,1,48.143105,-0.7895508,0.44873047,-1,3.2506008
282735,70619803,37,20.653505,1.9333496,-0.97021484,1,7.9978776,1.7460938,-0.73168945,-1,3.8939807
282735,114373665,60,26.521605,0.5115967,-0.35784912,1,13.873174,0.3703003,-0.41558838,-1,2.9298646
282735,113740993,60,40.22871,0.55737305,1.0810547,-1,38.980003,0.57836914,1.1503906,1,2.8680282
282735,113018931,60,115.03066,1.7585449,1.9790039,-1,43.634407,1.7104492,1.9934082,1,3.5553656
282735,145198075,75,8.416694,-2.0078125,1.019043,-1,8.9537945,-2.4047852,0.9998779,1,3.4727595
282735,136113097,71,120.17127,0.685791,-0.4381714,1,32.842224,0.66308594,-0.48742676,-1,3.40668
282735,142874306,74,102.15087,1.3527832,1.5661621,1,42.370533,1.3203125,1.5336914,-1,3.0233467
282735,141925799,74,47.266636,0.4319458,-2.8100586,1,28.591585,0.52282715,-2.8330078,-1,3.4470038
282735,142375878,74,47.400078,-0.6187744,3.0029297,1,36.974884,-0.70703125,3.0146484,-1,3.7279298
282735,171433524,87,53.185528,1.4555664,-2.338379,-1,35.758846,1.5117188,-2.288086,1,3.2870483
283043,75786866,47,37.22809,0.12988281,-1.2983398,-1,33.54523,0.09857178,-1.4040527,1,3.8946702
283043,127046993,75,46.233234,0.8621826,0.17034912,-1,33.825146,0.9503174,0.20669556,1,3.7712936
283043,127325440,75,41.283295,0.48669434,0.43414307,1,15.304219,0.3895874,0.35583496,-1,3.1359572
283043,127985897,75,44.076584,-1.3376465,2.2285156,-1,16.554165,-1.2524414,2.1298828,1,3.5207255
283043,131639375,77,42.49827,-2.0463867,-0.021469116,-1,21.024973,-2.1635742,-0.022434235,1,3.50669
283043,131953564,77,66.51937,1.3383789,1.8547363,1,39.29593,1.3017578,1.7978516,-1,3.4601526
283270,1388204726,858,40.55755,-0.72802734,1.8833008,1,28.079084,-0.7758789,1.9562988,-1,2.9451363
283270,1387954474,858,46.348286,-0.5706787,-0.13375854,-1,24.694027,-0.6583252,-0.1555481,1,3.056595
283270,1389295122,858,49.187794,0.689209,-1.6987305,1,38.932922,0.7611084,-1.6784668,-1,3.2696223
283270,1389501332,859,48.05148,1.1745605,1.9675293,1,29.38939,1.2731934,1.9599609,-1,3.7186186
283270,1298835740,805,39.631233,0.1361084,-1.8469238,-1,26.79032,0.17913818,-1.9306641,1,3.0672793
283270,1297524484,805,35.492233,2.3017578,-1.7143555,-1,20.770264,2.418457,-1.7641602,1,3.4471455
283270,1298486893,805,35.133904,-1.4084473,-1.8532715,-1,32.84081,-1.3186035,-1.7993164,1,3.5603063
283270,1298161874,805,60.81446,2.225586,1.3981934,1,24.040373,2.2128906,1.4960938,-1,3.7707758
283270,1309472372,812,58.29942,0.1444397,2.1176758,-1,17.803013,0.19506836,2.2006836,1,3.1318674
283270,1323173748,820,40.859333,-1.637207,-2.7480469,-1,31.114393,-1.548584,-2.739746,1,3.1752214
283270,1323335469,820,59.46648,1.1928711,1.2094727,-1,24.052029,1.0993652,1.2160645,1,3.5460145
283270,1324038573,820,143.21117,1.4233398,2.262207,-1,129.49399,1.4499512,2.2504883,1,3.9646878
283270,1337493180,828,110.173965,0.21633911,2.849121,-1,28.512228,0.17071533,2.7954102,1,3.949634
283270,1340272517,829,56.45742,1.0454102,-0.7890625,1,34.326267,1.1171875,-0.82006836,-1,3.4428935
283270,1343569178,831,45.34419,1.4138184,-1.4345703,1,42.4056,1.3474121,-1.4370117,-1,2.9134655
283270,1345651953,832,53.594437,1.4094238,-2.3461914,-1,48.71233,1.467041,-2.3666992,1,3.1231244
283270,1347836899,834,28.259672,-2.1738281,-1.7878418,-1,6.029126,-2.1362305,-2.0048828,1,2.8716013
283270,1348728990,834,22.016766,-1.640625,0.9968262,1,16.709908,-1.7409668,0.82751465,-1,3.7721999
283270,1405228548,868,40.880985,2.3564453,-0.03440857,-1,12.485026,2.2138672,-0.059501648,1,3.2751431
283270,1405856696,868,71.10665,1.2663574,-2.7426758,-1,55.357067,1.2175293,-2.7714844,1,3.5559149
283270,1423215935,879,52.68704,-1.9858398,2.9672852,1,12.113026,-1.8540039,2.900879,-1,3.7296321
283820,1388427135,786,51.48145,1.7937012,-1.4306641,-1,9.998806,1.7167969,-1.2758789,1,3.91711
283820,1393166161,788,39.81184,1.8657227,2.415039,-1,28.328419,1.7602539,2.446289,1,3.6975498
283820,1398044732,791,17.411705,-1.6704102,-2.4257812,1,6.88236,-1.5539551,-2.6572266,-1,2.8315327
283820,1397414175,791,50.514282,2.2495117,-1.996582,-1,15.65104,2.3515625,-1.9797363,1,2.912795
283820,1398896525,792,33.466858,2.0058594,1.7731934,-1,31.999249,2.0859375,1.7109375,1,3.3178024
283820,1403810813,794,39.236626,-2.3735352,-1.1999512,1,17.30573,-2.4682617,-1.0991211,-1,3.6109643
283820,1407624171,796,40.81368,-0.91345215,-0.6380615,-1,39.251644,-0.9818115,-0.701416,1,3.7308102
283820,1414786674,800,40.018646,-0.5350342,-0.6125488,1,28.610254,-0.62109375,-0.65515137,-1,3.2501502
283820,1414866633,800,52.309563,-0.2816162,2.696289,-1,10.201318,-0.15890503,2.8066406,1,3.8126922
283820,1421148123,804,51.565437,-1.2045898,-0.57299805,-1,39.278473,-1.1777344,-0.6392822,1,3.2173843
283820,1422863296,805,56.908726,-0.94140625,2.131836,-1,32.9809,-0.8562012,2.1582031,1,3.8644009
283820,1427435011,807,33.88591,1.5380859,-2.1274414,1,29.141447,1.5761719,-2.0239258,-1,3.4646654
283820,1460048357,825,73.90615,0.8621826,0.57629395,1,19.577925,0.7609863,0.60217285,-1,3.974774
283820,1460676282,826,89.332085,0.51171875,-1.9194336,-1,69.42904,0.4781494,-1.9406738,1,3.1271868
283820,1462709644,827,55.232227,1.003418,-2.2651367,-1,15.79016,1.0583496,-2.1479492,1,3.8201766
283820,1463153989,827,71.02532,0.1711731,-2.293457,-1,37.043182,0.24041748,-2.2773438,1,3.647693
283820,1465097491,828,55.96852,0.13821411,2.3168945,1,34.880005,0.06968689,2.3007812,-1,3.1110628
283820,1465158035,828,58.888676,-0.7557373,2.7373047,1,43.98954,-0.7833252,2.8066406,-1,3.7968428
283820,1465189932,828,139.8484,1.3647461,-0.5838623,-1,24.07374,1.4040527,-0.5341797,1,3.6731713
283820,1483889004,838,21.750502,-2.2338867,2.434082,1,8.252857,-2.069336,2.291504,-1,2.917485
283820,1484396155,839,95.836555,1.6308594,2.3876953,-1,18.647392,1.5993652,2.446289,1,2.8159702
283820,1490682810,842,38.51957,0.91015625,1.3222656,-1,25.347397,1.0073242,1.3391113,1,3.0823655
283820,1490717328,842,27.596678,1.0786133,-1.4121094,-1,20.315382,1.0512695,-1.2709961,1,3.4007266
283820,1492622677,843,64.276024,-1.9858398,-1.1054688,-1,18.547976,-2.0239258,-1.0146484,1,3.4003677
283820,1492895576,843,50.276535,-0.29058838,0.06626892,-1,30.845158,-0.22753906,0.0099105835,1,3.3301418
283820,1495221621,845,43.25779,-0.8503418,2.934082,-1,34.707947,-0.7501221,2.9291992,1,3.8893385
283820,1495106798,845,42.37529,-1.057373,0.91308594,1,31.697107,-1.1184082,0.8658447,-1,2.8287723
283820,2078336697,1177,65.68304,0.061706543,-2.5795898,1,46.283195,-0.0023379326,-2.6088867,-1,3.883559
283820,2080215925,1178,16.13771,-0.93115234,1.5236816,1,9.389403,-0.6394043,1.5996094,-1,3.7231624
283820,2079501874,1178,111.44538,-1.2250977,0.41662598,1,31.239962,-1.2045898,0.4638672,-1,3.0400965
283820,2086619054,1182,15.852754,-0.023181915,-1.6518555,1,12.550329,-0.23431396,-1.7416992,-1,3.2414155
283820,2107258762,1194,54.77401,1.1806641,-0.9486084,1,43.275764,1.1477051,-0.99816895,-1,2.8966575
283820,2172049392,1231,23.557123,2.0253906,0.4404297,-1,14.556486,2.0981445,0.61413574,1,3.4840596
283820,2171251697,1231,20.162432,1.1091309,-2.034668,-1,14.430229,1.2268066,-2.184082,1,3.2430062
283820,2172131785,1231,40.385124,-0.68151855,1.2131348,1,29.762266,-0.59729004,1.1838379,-1,3.092487
283820,2171114692,1231,67.06603,2.0297852,-3.072754,-1,37.736397,1.9868164,-3.1108398,1,2.8966575
283820,2149375615,1219,59.990814,1.0844727,0.2750244,-1,37.449505,1.0263672,0.26287842,1,2.8138885
283820,2149228458,1219,84.975365,-1.4262695,-0.6586914,-1,22.98951,-1.3930664,-0.7196045,1,3.0644126
283820,2195253333,1245,16.212646,0.70825195,0.47973633,1,9.6158085,0.8015137,0.19055176,-1,3.7820408
283820,2195140973,1245,42.240288,0.19494629,0.5855713,-1,19.713614,0.10848999,0.5250244,1,3.0461938
283820,2196871649,1245,16.197966,-1.3371582,1.1489258,1,9.289023,-1.1455078,1.3093262,-1,3.0670407
283820,2227632140,1263,34.539055,-2.0112305,2.458496,1,7.933677,-2.1933594,2.449707,-1,3.0217311
283820,2232731285,1266,18.692984,-2.1958008,1.1247559,-1,14.90973,-2.1298828,1.2949219,1,3.043949
283820,2387149439,1354,28.306488,2.0893555,-2.253418,1,11.278315,1.9702148,-2.0874023,-1,3.6480947
283820,2387283328,1354,32.074654,0.9538574,0.08659363,1,25.380482,1.0688477,0.15194702,-1,3.7751112
283820,2718795257,1545,21.562511,0.5439453,-2.0976562,1,10.381104,0.80358887,-2.1108398,-1,3.900574
283820,1430029779,809,50.16808,-1.4291992,2.3496094,-1,29.917747,-1.3745117,2.2763672,1,3.5407782
283820,1430398670,809,111.9678,1.5515137,1.229248,1,31.172932,1.5725098,1.1738281,-1,3.5
283820,1431518710,810,69.44357,-0.8977051,3.09375,1,56.04155,-0.8503418,3.0722656,-1,3.2454896
283820,1433397544,811,51.98227,-2.4311523,-1.6767578,1,11.0635195,-2.4174805,-1.5161133,-1,3.8578248
283820,1433798457,811,39.366306,0.45202637,-2.7739258,1,22.646894,0.5505371,-2.7514648,-1,3.0180123
283820,1433868077,811,46.31773,-0.27435303,-1.998291,1,16.423494,-0.38012695,-2.041504,-1,3.1527672
283820,1433803150,811,64.67481,-0.16809082,0.81359863,-1,37.723774,-0.2338562,0.8017578,1,3.3014262
283820,1435640631,812,36.528805,1.5537109,0.9641113,-1,35.425194,1.4667969,0.9686279,1,3.1315556
283820,1435407768,812,61.22636,-1.9958496,2.609375,1,33.638424,-2.0327148,2.5566406,-1,2.9235039
283820,1442025801,815,45.245327,1.2019043,1.03125,-1,30.060652,1.2912598,1.0817871,1,3.78783
283820,1440764560,815,151.73027,1.3305664,2.166504,-1,23.65212,1.2878418,2.1860352,1,2.8090255
283820,1441388963,815,48.932594,0.52783203,1.0263672,-1,32.493595,0.60095215,0.9946289,1,3.1790636
283820,1444402139,817,22.693178,1.7250977,-1.9890137,-1,14.133542,1.7966309,-1.7790527,1,3.9662886
283820,1446735418,818,58.31002,0.9326172,1.7436523,-1,26.240454,1.0153809,1.765625,1,3.350752
283820,1446138874,818,10.615619,-1.1088867,2.8671875,-1,6.3510365,-1.456543,2.817871,1,2.8974793
283820,1446144174,818,56.36056,0.7227783,0.80566406,-1,20.02049,0.82910156,0.84350586,1,3.792854
283820,1449457851,819,36.12967,-1.7810059,-2.2773438,-1,6.630102,-1.6699219,-2.0683594,1,3.6582527
283820,1447791933,819,60.27629,-0.15673828,-1.1367188,1,36.199276,-0.21914673,-1.1032715,-1,3.3079274
283820,1451648208,821,120.22893,-0.8914795,-0.87841797,-1,26.760485,-0.9312744,-0.8255615,1,3.751562
283820,1451796860,821,148.5162,-1.3989258,2.9023438,-1,17.199093,-1.3820801,2.9624023,1,3.1499007
283820,1455114799,822,62.83261,-1.4311523,2.2885742,-1,22.64007,-1.3769531,2.2329102,1,2.930177
283820,1455922475,823,25.356766,-2.0966797,-1.5097656,1,9.301397,-2.1938477,-1.6804199,-1,3.0136409
283820,1504107895,850,126.655594,0.52233887,-1.4089355,-1,67.683754,0.55859375,-1.4057617,1,3.3703673
283820,1506198123,851,32.69267,2.336914,2.0268555,1,8.984585,2.2451172,1.864502,-1,3.1917863
283820,1522914297,860,29.083021,-0.4312744,-3.0263672,-1,25.780552,-0.5708008,-3.0263672,1,3.8235943
283820,1521537305,860,20.542074,0.9885254,-1.3779297,1,16.524942,0.81359863,-1.3237305,-1,3.3780007
283820,1540012350,870,24.622637,2.2822266,0.45996094,-1,23.671915,2.255371,0.32128906,1,3.4049597
283820,1539820199,870,16.484594,0.53125,-0.52697754,-1,12.58398,0.7060547,-0.43255615,1,2.8640246
283820,1654030968,935,44.249474,-1.3886719,-0.9289551,1,18.75166,-1.4448242,-0.8465576,-1,2.8712611
283820,1654274817,935,75.32786,-0.46325684,0.9803467,1,20.472513,-0.42077637,0.9022217,-1,3.4914796
283820,1562543043,883,62.167294,1.8483887,-2.4135742,1,5.3159404,1.8862305,-2.6264648,-1,3.9215949
283820,1563031984,883,36.00822,-0.7525635,-0.41522217,-1,35.275776,-0.6661377,-0.45135498,1,3.3390007
283820,1561930880,883,29.202467,-1.0864258,-3.019043,1,14.255381,-0.9411621,-3.0605469,-1,3.0848198
283820,1562536578,883,37.125748,1.0068359,0.109069824,-1,33.868805,0.96777344,0.009191513,1,3.801598
283820,1562586811,883,26.718895,-2.3535156,2.590332,1,19.651945,-2.246582,2.6591797,-1,2.917485
283820,1577139685,892,73.39565,1.7998047,0.9301758,1,33.994843,1.7631836,0.8791504,-1,3.1362298
283820,1576772675,892,80.246414,1.3964844,-0.9830322,1,48.71094,1.3774414,-0.9406738,-1,2.9033923
283820,1608909635,910,43.10588,1.4118652,2.2236328,1,29.356508,1.4958496,2.1533203,-1,3.8963625
283820,1608529281,910,19.394442,-2.1264648,-1.9858398,1,7.5589037,-2.2651367,-1.7224121,-1,3.597145
283820,1608521543,910,46.893673,1.1459961,2.7036133,1,23.364267,1.0891113,2.6289062,-1,3.1085505
283820,1677384796,948,55.13739,-1.4277344,0.17855835,-1,42.640785,-1.4599609,0.12113953,1,3.1930099
283820,1763259231,999,38.644466,-0.5928955,-2.2719727,-1,5.4226947,-0.48724365,-2.100586,1,2.912376
283820,1764984770,1000,37.81683,0.5164795,-0.06416321,1,31.556211,0.4319458,-0.09051514,-1,3.0597086
283820,1764885987,1000,259.22775,1.4299316,0.13504028,1,10.7009735,1.4741211,0.17562866,-1,3.1819806
283820,1765717126,1000,41.27356,0.1390686,-2.5981445,-1,30.281258,0.16604614,-2.6826172,1,3.1341274
283820,1793370339,1016,17.954128,-0.45898438,-2.2636719,1,12.6024065,-0.65112305,-2.1733398,-1,3.1974797
283820,1803642725,1021,26.574154,-0.95825195,0.1829834,-1,8.623007,-1.0800781,0.3251953,1,2.8340752
283820,1828450893,1035,63.28876,-1.8361816,0.8623047,-1,26.559727,-1.9008789,0.9086914,1,3.2631943
283820,1833388701,1038,116.40799,1.7089844,2.6328125,1,10.978366,1.6525879,2.5761719,-1,2.8613808
283820,1799492132,1019,216.87234,1.4023438,-1.6696777,-1,52.37185,1.3840332,-1.6958008,1,3.3865542
283820,1800125910,1019,27.006048,1.8691406,-1.2670898,1,19.891933,1.8203125,-1.4006348,-1,3.2944674
283820,1831991275,1037,42.3472,-1.1965332,0.3614502,-1,42.82978,-1.1152344,0.3796997,1,3.5498679
283820,1847339222,1046,83.55379,-0.0130290985,-2.166504,-1,46.92543,0.041000366,-2.1542969,1,3.4691722
283820,1848023236,1046,41.426575,-1.0786133,2.2246094,-1,26.103924,-0.9857178,2.21875,1,3.0623405
283820,1918290690,1086,17.005733,-1.0527344,-1.2526855,-1,14.990349,-0.8631592,-1.3444824,1,3.366852
283820,1918375590,1086,27.554012,-0.03440094,2.1152344,-1,20.590948,0.02815628,2.2207031,1,2.920036
283820,1917472115,1086,97.85105,-0.10928345,1.505127,1,21.5051,-0.14483643,1.4365234,-1,3.5440862
283820,1941488518,1099,30.122726,-0.060798645,-2.1376953,1,8.784979,-0.01373291,-2.3671875,-1,3.8028824
283820,2081936824,1179,50.33802,-0.044677734,-1.1262207,-1,28.704155,-0.11619568,-1.1652832,1,3.0977721
283820,1863484075,1055,127.52251,1.3959961,-1.7084961,-1,100.62207,1.3703613,-1.7021484,1,2.9921772
283820,1876037997,1062,18.70922,1.8894043,-1.2456055,-1,18.690758,1.9785156,-1.3891602,1,3.1570234
283820,1875263057,1062,51.497807,1.9589844,-2.8515625,1,7.6513395,2.088379,-2.9672852,-1,3.4477122
283820,1889339810,1070,157.03232,1.0349121,-2.8115234,1,39.650227,1.0751953,-2.7861328,-1,3.756245
283820,1890094798,1070,81.49249,0.11323547,-0.3022461,1,53.3015,0.0769043,-0.2741089,-1,3.0301223
283820,1900037586,1076,65.519455,0.63256836,-1.7709961,-1,6.9969363,0.6829834,-1.9223633,1,3.4131954
283820,1924519872,1090,79.16921,0.19052124,-1.5458984,-1,11.822578,0.22363281,-1.4418945,1,3.3374648
283820,1928151636,1092,66.94523,-1.2131348,-2.078125,1,41.65702,-1.1767578,-2.0131836,-1,3.9300525
283820,1932770603,1094,7.071551,1.8286133,-2.0844727,-1,5.5464253,2.0859375,-1.5324707,1,3.776469
283820,1931585845,1094,64.43031,-0.8178711,3.0615234,1,26.01209,-0.7904053,3.1269531,-1,2.9049056
283820,1991451093,1127,38.39611,-1.8876953,1.0759277,-1,24.717705,-1.7753906,1.1271973,1,3.8058343
283820,2012451782,1140,82.58668,-1.4831543,-0.07093811,-1,34.89309,-1.53125,-0.020374298,1,3.747916
283820,2030118213,1150,38.683243,-1.2988281,-2.546875,-1,27.773483,-1.3569336,-2.4765625,1,2.9892385
283820,2033721498,1152,22.993967,0.27233887,0.9694824,1,13.609003,0.42242432,1.0571289,-1,3.076598
283865,478415618,281,63.95836,0.5900879,-0.7319336,1,16.396528,0.70532227,-0.75805664,-1,3.8286033
283865,527609101,312,49.242832,-2.4023438,1.7568359,-1,21.155409,-2.3623047,1.84375,1,3.0847406
283865,527144430,312,71.394646,-0.08935547,-1.8591309,1,32.207993,-0.14294434,-1.8200684,-1,3.1802921
283865,528136953,312,45.78249,-0.29437256,-0.557251,-1,26.663424,-0.38024902,-0.58898926,1,3.1994262
283865,555966460,329,32.2136,0.32250977,1.309082,1,33.839767,0.39697266,1.3642578,-1,3.060267
283865,555585591,329,39.631657,-1.2045898,2.1762695,1,34.510063,-1.269043,2.2207031,-1,2.895646
283865,554385877,329,40.406715,0.57580566,0.6118164,1,28.609547,0.5062256,0.55651855,-1,3.0220544
283865,727938040,425,21.644617,0.3178711,-0.10192871,-1,19.97581,0.17538452,-0.08555603,1,2.9848044
283865,728324359,425,78.93362,1.0717773,-1.2414551,1,38.685833,1.0705566,-1.3059082,-1,3.560855
283865,1236296506,706,20.05763,0.1887207,-0.7077637,-1,5.228964,0.35437012,-0.96069336,1,3.091678
283865,1441898086,816,25.736118,2.2001953,2.0756836,1,15.44076,2.0463867,2.1972656,-1,3.9093738
283865,1442239216,816,46.08587,-0.8380127,1.2519531,1,6.3072505,-0.81604004,1.0812988,-1,2.930177
283865,1569929850,887,39.2216,1.8552246,2.2631836,-1,22.522924,1.9477539,2.2319336,1,2.9027197
283865,1570825537,887,49.613544,2.3354492,-0.96398926,1,46.701294,2.3925781,-0.9265137,-1,3.3071892
283865,1570229729,887,9.773175,1.6005859,-0.9727783,-1,7.4151115,1.6069336,-0.62683105,1,2.9308643
283865,760055313,444,111.37306,-1.1967773,-1.9284668,-1,51.873684,-1.2294922,-1.8977051,1,3.411836
283865,1669434883,942,49.15559,1.2297363,-1.1472168,1,42.77339,1.2902832,-1.1779785,-1,3.1140432
283865,2003408976,1117,71.72172,1.8115234,2.834961,1,16.045994,1.7575684,2.7646484,-1,3.0091007
283865,2003756230,1117,32.512276,1.6425781,1.1069336,1,30.780827,1.5566406,1.0456543,-1,3.3383427
283865,1910540563,1066,49.320786,1.2053223,0.041618347,-1,37.592354,1.270752,0.0012395382,1,3.3113205
283865,1910049100,1066,145.57309,-0.86743164,-2.230957,1,58.9747,-0.8383789,-2.2163086,-1,3.019468
283865,1916561065,1069,131.84149,-0.15844727,-0.6986084,1,28.285988,-0.21289062,-0.7322998,-1,3.9103727
283865,1932776767,1078,50.41072,1.7412109,-1.0422363,1,6.6711817,1.6638184,-1.2243652,-1,3.6239223
283865,1942583924,1083,43.968037,0.807251,-0.086242676,-1,12.213659,0.7784424,0.03517914,1,2.8899915
283865,1984536858,1106,56.724583,-2.150879,-0.28497314,1,31.385,-2.0844727,-0.28833008,-1,2.8006697
283865,2040708234,1138,66.06147,1.7592773,2.5371094,1,9.269935,1.8237305,2.4228516,-1,3.2439847
283865,2096202482,1169,188.81465,1.4228516,2.6313477,1,60.42438,1.3886719,2.6357422,-1,3.68273
283865,2096868226,1169,33.09214,-0.90026855,0.4628296,1,28.33439,-0.9984131,0.49890137,-1,3.2032394
283865,2111455055,1176,114.1988,1.730957,-1.7363281,1,47.607353,1.7849121,-1.732666,-1,3.9921799
283865,2112154969,1176,32.8397,-2.2475586,-0.88830566,-1,7.971842,-2.0942383,-0.7524414,1,3.3154469
283865,832478406,486,98.778564,1.2111816,-2.1020508,-1,75.422195,1.1757812,-2.1166992,1,3.3060079
283865,831714272,486,16.691969,-1.1730957,0.57299805,-1,12.672284,-0.9906006,0.38311768,1,3.8298783
283865,897882401,519,35.233685,2.2651367,-1.3796387,-1,19.26529,2.145996,-1.3583984,1,3.1573327
283865,897775330,519,53.04835,-0.4105835,2.8134766,1,52.397324,-0.35949707,2.7739258,-1,3.4059632
283865,908435602,524,38.86099,-0.633667,-2.0395508,-1,30.496971,-0.73535156,-2.0390625,1,3.5020921
283865,907983204,524,26.466827,1.767334,-2.5273438,1,16.324318,1.5830078,-2.540039,-1,3.845782
283865,929829004,536,44.453026,-0.040893555,2.2456055,1,28.128065,-0.076416016,2.3271484,-1,3.1447036
283865,930513707,536,72.35903,-1.5666504,-0.11894226,1,44.821556,-1.5432129,-0.16778564,-1,3.0809393
283865,930019798,536,73.65487,1.3271484,1.6066895,-1,37.1258,1.2587891,1.6357422,1,3.8850675
283865,1060595622,606,44.355915,-1.7321777,0.79833984,1,15.2797,-1.8212891,0.88635254,-1,3.2610989
283865,674085475,394,18.769941,1.5847168,-0.04133606,-1,20.758013,1.6704102,0.10569763,1,3.3574486
283865,673617140,394,55.529266,-1.6999512,-2.7104492,-1,26.737263,-1.7709961,-2.7734375,1,3.6587865
283865,674241784,394,42.14603,0.85388184,-2.432129,-1,32.695553,0.8360596,-2.5083008,1,2.9033923
283865,865716267,503,25.750584,0.5593262,-2.456543,-1,11.145821,0.40545654,-2.28125,1,3.9503293
283865,904165848,522,99.86149,-1.418457,0.34820557,1,36.032562,-1.3723145,0.37695312,-1,3.261997
283865,903314890,522,20.761742,2.3144531,0.97998047,-1,8.10132,2.2041016,1.2282715,1,3.515868
283865,903257494,522,33.001514,-1.3193359,1.3798828,1,18.68419,-1.206543,1.3869629,-1,2.8081563
283865,1417194179,803,17.720078,-0.12503052,-0.85131836,-1,14.120377,-0.00724411,-0.69018555,1,3.1556602
283865,1545997811,873,6.211547,-0.19998169,-2.3530273,-1,5.996655,0.22488403,-2.0859375,1,3.0768483
283865,1545829589,873,19.1199,0.9210205,1.1345215,1,16.283031,1.0891113,1.1086426,-1,3.004432
283865,1631380236,921,20.841019,-1.8371582,0.2965088,-1,9.444447,-1.998291,0.44750977,1,3.098166
283865,1630164541,921,46.578434,-1.8562012,-2.6899414,1,26.274508,-1.8642578,-2.6083984,-1,2.8668363
283865,1630672301,921,25.039934,1.9084473,-1.947998,1,23.79692,2.0078125,-1.8613281,-1,3.2195084
283865,1845493731,1031,196.28308,1.6318359,0.677124,-1,19.320269,1.6123047,0.7232666,1,3.082207
283865,1874654206,1047,65.952354,-0.51501465,0.2588501,-1,36.577637,-0.58569336,0.2701416,1,3.5161457
283865,1569087246,886,83.43048,-0.7873535,-1.7666016,-1,68.269775,-0.8297119,-1.7832031,1,3.4323826
283865,1637286318,925,60.707146,-1.1291504,2.2426758,-1,48.302647,-1.1689453,2.203125,1,3.0388114
283865,2113966156,1177,42.63296,-0.83703613,-3.0009766,1,38.64584,-0.911499,-3.0136719,-1,3.0666425
283865,2113480320,1177,41.97417,-0.6600342,1.2573242,-1,29.802008,-0.5843506,1.3293457,1,3.6953042
283934,14319413,9,68.186714,1.3781738,-0.17285156,-1,49.424652,1.3342285,-0.22164917,1,3.8119876
283934,14079334,9,160.03229,-1.3979492,-1.5290527,1,8.183347,-1.4055176,-1.4265137,-1,3.7228181
283934,14138262,9,28.289888,-2.1513672,2.8330078,1,5.320101,-2.3574219,3.0595703,-1,3.7549446
283934,15421960,10,66.319145,0.47418213,-1.0283203,1,42.132694,0.4343872,-1.0646973,-1,2.849239
283934,63137706,38,31.919918,1.9208984,-1.0251465,1,23.881964,1.8339844,-0.9133301,-1,3.9111218
283934,63142440,38,36.96745,1.7893066,2.2143555,1,23.155457,1.782959,2.109375,-1,3.0764985
283934,414493688,259,27.702326,1.2128906,-2.8891602,1,12.734183,1.0825195,-2.9887695,-1,3.0824447
283934,414909471,259,147.51016,1.6296387,-0.39385986,1,12.787036,1.5625,-0.43688965,-1,3.4641016
283934,870284387,519,38.826218,-1.5717773,1.1057129,1,34.70914,-1.6464844,1.1589355,-1,3.3686283
283934,874888097,521,24.54675,0.8901367,-1.4848633,-1,31.93049,0.7623291,-1.5170898,1,3.6923962
283934,1420248573,835,233.47507,-0.14871216,-2.8427734,-1,32.31945,-0.18826294,-2.833496,1,3.525576
283934,1471170327,861,48.82975,1.9343262,1.0400391,-1,28.568918,1.8862305,0.9688721,1,3.2064388
283934,1471944429,861,55.09218,-2.1635742,2.3886719,1,5.489375,-2.3320312,2.2363281,-1,3.952847
283934,1471726852,861,57.677498,0.9210205,-0.22576904,-1,8.317239,0.9145508,-0.09188843,1,2.9338408
283934,619313585,380,14.2196665,1.0952148,-2.3476562,-1,9.176909,0.88842773,-2.5668945,1,3.441954
283934,619372054,380,72.790245,-1.7385254,-2.682129,1,71.22824,-1.6894531,-2.6938477,-1,3.6336105
283934,618641217,380,29.612741,0.024108887,2.147461,1,14.848029,0.0393219,2.2954102,-1,3.115846
283934,688154416,420,43.81497,2.255371,-1.5339355,1,31.898783,2.2353516,-1.434082,-1,3.8119876
283934,687308194,420,12.050857,-0.24716187,-1.3962402,1,10.668739,-0.110076904,-1.6384277,-1,3.1502495
283934,688138856,420,17.704134,1.0634766,-1.4353027,-1,11.645356,0.84484863,-1.4960938,1,3.2642603
283934,724346839,439,53.140404,-2.3173828,2.4873047,-1,45.37577,-2.2822266,2.4350586,1,3.1049356
283934,743481696,449,12.655253,-2.1176758,-2.6674805,-1,14.7774,-1.8908691,-2.4975586,1,3.8790302
283934,742599328,449,57.634537,1.2697754,1.1247559,-1,26.196873,1.1821289,1.170166,1,3.8365023
283934,1218217425,722,46.61856,-1.7600098,3.0151367,1,27.093973,-1.7541504,3.116211,-1,3.5957875
283934,1219195808,722,43.885418,-1.0148926,2.0766602,1,33.804646,-1.0991211,2.0463867,-1,3.4485617
281639,75717047,48,26.661715,-0.6425781,0.6347656,-1,21.955667,-0.5722656,0.7623291,1,3.5224934
281639,75180223,48,6.590285,-2.0141602,0.93811035,-1,6.34977,-1.9758301,1.5192871,1,3.7150717
281639,74248419,48,31.988657,1.9470215,-1.1721191,1,13.189411,2.0776367,-1.2434082,-1,3.0573938
281639,74456106,48,91.6198,-0.55236816,0.009075165,-1,10.340896,-0.6402588,0.08459473,1,3.5668833
281639,104706987,65,52.63936,0.95739746,2.4458008,-1,48.600605,0.9523926,2.3833008,1,3.1702967
281639,104142963,65,33.61065,2.2456055,0.17523193,1,10.073412,2.243164,0.010948181,-1,3.020115
281639,104277757,65,35.25376,-1.2070312,0.26885986,-1,6.450622,-1.4003906,0.39318848,1,3.469876
281639,105376692,65,18.210875,1.7260742,0.3237915,-1,11.051663,1.7016602,0.5300293,1,2.9409056
281641,87060417,53,17.592022,-0.84716797,-0.555542,1,17.165808,-0.6984863,-0.6826172,-1,3.3996496
281641,87549788,53,201.43172,-1.1096191,-0.7922363,-1,44.75527,-1.1467285,-0.7796631,1,3.7102056
281797,1217705020,796,20.508928,1.75,-3.03125,-1,12.514884,1.8618164,3.0952148,1,3.082999
281797,1217273700,796,26.50924,0.34228516,-3.1083984,1,10.54021,0.3953247,2.9819336,-1,3.3385804
281797,1217854422,796,24.958014,-2.1958008,1.6594238,-1,11.547739,-2.0078125,1.6643066,1,3.199121
282037,840741901,461,19.450443,2.4174805,-2.3735352,-1,9.614529,2.1870117,-2.428711,1,3.2469938
282037,911493527,500,39.55218,1.1733398,1.2431641,1,36.3601,1.0881348,1.236084,-1,3.2433827
282037,911524289,500,73.40951,-2.0048828,-1.184082,-1,5.305368,-1.9416504,-1.3151855,1,2.8641098
282092,147645416,162,44.52301,-0.99035645,-1.7719727,-1,29.88164,-0.90356445,-1.7341309,1,3.454786
282092,147674044,162,84.67827,0.60717773,-0.8111572,1,33.940758,0.6558838,-0.7861328,-1,2.9355047
282092,1985134097,1211,84.37114,-1.3615723,-0.6849365,-1,34.552032,-1.3076172,-0.66137695,1,3.1795244
282092,1985070191,1211,14.340011,-1.4802246,-1.6679688,1,6.616817,-1.3647461,-2.025879,-1,3.6458855
282092,1984883684,1211,52.55427,0.7080078,-0.27734375,-1,40.29865,0.64819336,-0.3340454,1,3.7929828
282092,1984328339,1211,39.443844,1.3874512,0.4953003,-1,29.51841,1.296875,0.50683594,1,3.1171777
282092,2048976729,1247,60.713295,1.0778809,2.430664,-1,45.076225,1.0996094,2.3583984,1,3.9481504
282092,2048803352,1247,40.603367,-1.2609863,-0.052253723,1,30.949396,-1.359375,-0.0037226677,-1,3.8903427
282092,2124627206,1291,15.315152,2.2285156,-0.8902588,-1,17.202463,2.286621,-1.0615234,1,2.933175
282092,2125154458,1291,55.66237,-0.97351074,-0.7624512,1,33.733807,-0.99768066,-0.70129395,-1,2.8497534
282092,2138640958,1299,35.77988,0.78796387,-1.8740234,1,9.662686,0.77734375,-2.0263672,-1,2.8367875
282092,2139666870,1299,30.369286,-0.016281128,2.0566406,-1,21.115492,-0.12997437,2.0126953,1,3.0881026
282092,163634642,172,47.730965,-1.8828125,-0.09361267,-1,19.689651,-1.9191895,0.023944855,1,3.7707758
282092,163830926,172,43.076527,-0.038848877,-1.829834,1,24.855074,-0.12072754,-1.9194336,-1,3.9715173
282735,2796717461,1500,41.527195,-0.625,3.0576172,-1,28.26818,-0.7102051,3.0546875,1,2.9220839
282735,3150189700,1700,84.35387,1.3649902,2.0947266,1,34.671,1.3288574,2.036621,-1,3.7017732
282735,3152344277,1701,38.7041,-1.2753906,2.559082,-1,31.71934,-1.1772461,2.5532227,1,3.4462955
282735,3153178414,1701,45.37549,-0.18118286,-1.7861328,-1,32.84728,-0.2454834,-1.7478027,1,2.8904138
282735,3200536137,1729,41.86883,-0.26965332,2.9707031,-1,28.321625,-0.34655762,2.9243164,1,3.0931187
282800,28173907,21,17.70196,-0.009801865,2.5180664,1,10.108172,-0.19866943,2.6674805,-1,3.223184
282800,29763173,21,57.432686,1.4504395,0.8187256,-1,5.541987,1.3310547,0.98205566,1,3.6077175
282800,67602870,41,11.360536,-0.21923828,2.4916992,-1,7.1974487,-0.20733643,2.9238281,1,3.8786721
282800,67396984,41,53.093803,-0.57580566,3.0126953,1,31.766665,-0.6270752,3.083496,-1,3.5898075
282800,94062406,55,23.118122,1.4587402,-1.6501465,1,12.054703,1.4108887,-1.838623,-1,3.2415757
282800,141026649,81,38.298096,-1.4145508,2.0561523,1,26.994907,-1.3925781,2.1708984,-1,3.7559848
282800,160661220,92,15.120199,-2.0449219,1.8486328,-1,7.4679666,-1.8466797,1.5891113,1,3.4660745
282800,443478025,240,18.633705,1.8044434,2.5566406,-1,10.959273,1.9619141,2.3569336,1,3.631863
282800,443960735,240,55.800365,1.9743652,2.3583984,-1,11.699285,2.0629883,2.4448242,1,3.1610422
282800,444019468,240,39.99647,-0.39959717,0.26934814,-1,28.677,-0.46313477,0.32476807,1,2.855573
282800,461371556,249,31.792324,-1.6286621,2.1420898,1,31.787216,-1.706543,2.0771484,-1,3.2246609
282800,463846047,251,31.997921,2.380371,-0.42871094,1,9.373553,2.4091797,-0.6364746,-1,3.625
282800,714299645,375,59.060932,-0.74328613,-0.70422363,-1,28.198746,-0.79052734,-0.7796631,1,3.6322665
282800,715269824,375,43.26669,1.2363281,-0.03353119,-1,27.520617,1.1513672,-0.06312561,1,3.1052501
282800,713707895,375,63.15422,0.1084137,-1.302002,-1,36.15367,0.15612793,-1.3449707,1,3.0687118
282800,439052940,238,48.20272,1.9243164,1.6159668,-1,24.470327,1.9343262,1.5119629,1,3.588175
282800,623991517,328,29.62705,-0.4189453,-0.5911865,-1,24.738813,-0.5397949,-0.6534424,1,3.6820338
282800,624323175,328,20.692026,-1.986084,0.7935791,-1,9.154135,-1.9108887,0.57910156,1,3.1226554
282800,624387703,328,37.085625,0.06732178,-2.3134766,1,31.925362,0.16516113,-2.2753906,-1,3.6139379
282807,362948395,183,59.833057,0.58654785,-2.5092773,1,34.15668,0.50634766,-2.5185547,-1,3.6511717
282807,363646512,183,25.329638,1.4389648,0.13400269,-1,24.925768,1.3146973,0.12701416,1,3.129528
282807,363435785,183,49.585728,-1.244873,-1.3996582,-1,35.357224,-1.3171387,-1.4033203,1,3.0317333
282807,362910697,183,48.04726,1.6782227,-1.4194336,1,6.5386972,1.8806152,-1.4689941,-1,3.6986063
282807,511385881,261,6.314107,2.078125,-1.1826172,-1,6.0006204,1.6369629,-0.76867676,1,3.7275696
282807,512680081,261,57.61067,-0.6966553,-0.8162842,1,55.000984,-0.64160156,-0.8487549,-1,3.599045
282807,574321769,291,31.794365,1.5644531,-0.057266235,-1,25.62988,1.4926758,0.017490387,1,2.9593601
282807,573317053,291,47.772167,1.2375488,-0.12686157,-1,26.599049,1.2348633,-0.23068237,1,3.70019
282807,603496278,306,38.39928,-1.8891602,-0.88061523,-1,14.627529,-1.8374023,-1.0397949,1,3.9632096
282807,603933786,306,18.191874,-0.9577637,-2.2607422,1,8.084505,-0.9091797,-2.0004883,-1,3.2020197
282807,603899058,306,50.49476,-0.5756836,-0.8984375,1,40.419666,-0.6402588,-0.8522949,-1,3.5866778
282807,550294940,279,55.95909,-0.27783203,-1.9406738,-1,43.950554,-0.33380127,-1.9204102,1,2.952257
282807,608798149,308,68.086586,-2.1728516,-1.7338867,1,5.6741047,-2.0048828,-1.7897949,-1,3.4820971
282807,609068760,308,58.6161,1.1557617,-1.9541016,-1,36.224342,1.1337891,-2.019043,1,3.1576421
282807,625050869,319,78.68194,1.9228516,0.020908356,1,76.34242,1.9050293,0.06175232,-1,3.441475
282814,16162997,8,42.14626,-2.4506836,1.7890625,-1,6.159479,-2.425293,1.9838867,1,3.1635127
282814,35216275,18,25.752058,-1.902832,-2.6191406,-1,21.320263,-1.8764648,-2.4887695,1,3.1152976
282814,35396812,18,28.558708,0.4515381,0.3859253,-1,7.5006814,0.51745605,0.1958313,1,2.9408433
282814,34699562,18,60.723988,-0.99108887,-2.1347656,1,33.680706,-1.0480957,-2.1757812,-1,3.1767588
282814,97259410,49,17.881159,-2.1499023,-0.25048828,1,7.6350384,-2.402832,-0.20974731,-1,3.0011392
282814,96701639,49,12.243919,-0.81225586,-1.9853516,1,11.511078,-0.5982666,-1.8310547,-1,3.1348574
282814,155332454,79,22.292326,-2.1401367,-0.6008301,-1,5.473535,-2.2197266,-0.8787842,1,3.184435
282814,162924056,83,32.153168,-1.9150391,1.8063965,-1,33.569016,-1.8771973,1.7026367,1,3.6255388
282814,177353341,91,30.658285,2.0029297,0.3164673,-1,13.876984,2.0170898,0.4678955,1,3.134361
282814,178223905,91,12.576041,1.6616211,1.46875,1,6.4160013,1.6271973,1.8632812,-1,3.5344288
282814,197902767,101,83.859825,1.7180176,-0.5032959,1,34.021664,1.7868652,-0.49499512,-1,3.700718
282814,225398676,116,40.957996,2.150879,2.3725586,1,35.106678,2.0722656,2.409668,-1,3.2965417
282814,225175385,116,69.696205,-0.4734497,-2.8027344,-1,36.68399,-0.43096924,-2.8393555,1,2.836185
282814,239567562,123,76.84838,-0.54455566,-1.8842773,-1,38.61933,-0.5361328,-1.9519043,1,3.7117844
282814,238116943,123,29.453573,-1.1245117,-0.9425049,-1,5.604748,-0.9094238,-1.0700684,1,3.2171948
282814,312491135,162,83.52072,0.4315796,-1.0866699,1,28.526373,0.4088745,-1.1496582,-1,3.267531
282814,630755208,320,85.40562,0.2890625,1.4875488,1,23.475805,0.3475952,1.4606934,-1,2.883818
282814,630265729,320,41.7763,1.0236816,2.8754883,-1,29.968296,1.0986328,2.838379,1,2.960185
282814,762934368,393,16.359154,-0.39123535,0.04346466,-1,7.4335027,-0.07736206,0.021045685,1,3.484261
282814,763303367,393,97.659615,-0.042770386,-2.3676758,-1,35.203785,-0.02998352,-2.319336,1,2.931843
282814,234848087,121,40.764763,1.7888184,2.0292969,1,17.295866,1.7558594,1.9226074,-1,2.9623287
282814,235460526,121,89.80056,-1.2050781,-1.6279297,-1,73.61879,-1.1669922,-1.614502,1,3.2787192
282814,659697662,335,35.52849,1.9472656,-0.048942566,1,5.7716393,2.0419922,-0.30541992,-1,3.905375
282814,677956200,345,20.737455,2.0219727,-0.72351074,-1,7.431972,1.9782715,-0.45941162,1,3.314121
282919,245884194,129,30.583715,-1.7895508,-1.246582,1,9.781654,-1.9421387,-1.3891602,-1,3.611505
282919,432797833,222,55.24068,-1.387207,-0.4683838,-1,14.14997,-1.4379883,-0.3605957,1,3.330435
282922,113390577,63,125.55058,1.8981934,3.0175781,1,17.10407,1.8198242,3.0063477,-1,3.6699796
282922,139336462,76,169.04684,1.2868652,-2.3876953,1,17.63325,1.25,-2.434082,-1,3.2355447
282922,139081264,76,39.41061,-0.88061523,1.4667969,-1,29.975002,-0.9559326,1.503418,1,2.8787339
282923,313114131,156,73.9756,1.7700195,2.0219727,1,22.966663,1.8413086,1.9748535,-1,3.524468
282923,312724074,156,39.614464,0.91516113,2.1450195,1,12.44908,0.7784424,2.1801758,-1,3.1370082
282923,372924997,188,11.708488,-1.5834961,-0.6862793,-1,10.283023,-1.8664551,-0.7961426,1,3.339951
282923,373050662,188,90.78163,1.4382324,-2.1420898,-1,28.669556,1.4165039,-2.086914,1,3.0220544
282923,373262665,188,26.935982,-2.1083984,2.0195312,1,17.15046,-2.0947266,2.1728516,-1,3.3065984
282923,431841538,219,49.533287,2.256836,2.2001953,1,8.873077,2.2143555,2.3378906,-1,3.019468
282923,431318099,219,57.45633,-0.009614944,-1.6799316,-1,39.837925,-0.008935928,-1.7600098,1,3.829751
282923,430361103,219,190.22852,0.522583,2.899414,-1,78.71287,0.49639893,2.8808594,1,3.9270694
283043,909287337,479,70.12847,-1.4165039,-1.0529785,-1,45.905605,-1.4692383,-1.0314941,1,3.231921
283043,908953154,479,32.01431,0.62609863,-0.3684082,1,10.129709,0.67370605,-0.53759766,-1,3.1615827
283043,921604679,485,44.599796,0.66467285,-0.3201294,-1,23.03015,0.6933594,-0.40551758,1,2.8863566
283043,920263286,485,40.87746,0.8656006,2.4589844,1,11.647099,0.91967773,2.6044922,-1,3.3847516
283043,922204395,485,70.18846,0.29296875,2.7817383,-1,31.495583,0.22445679,2.7885742,1,3.2384107
283049,51864900,89,106.86667,-1.5380859,-2.0668945,-1,38.62237,-1.5803223,-2.0805664,1,2.8559148
283049,51570617,89,55.315895,0.8220215,-1.7683105,1,31.078577,0.7741699,-1.7124023,-1,3.0506787
283049,51531466,89,23.535366,1.7226562,2.0888672,1,13.349981,1.8112793,1.8815918,-1,3.9896104
283049,51610731,89,60.650856,-0.21533203,2.9902344,-1,42.932285,-0.25286865,2.940918,1,3.1630497
283049,52646262,89,37.993774,0.65112305,2.0302734,-1,14.939671,0.5019531,2.0014648,1,3.6227767
283059,324915095,174,43.22835,-0.84472656,1.5979004,1,41.80045,-0.7877197,1.5314941,-1,3.7203252
283059,324354413,174,40.147232,-0.5797119,0.122177124,1,31.159166,-0.50390625,0.16635132,-1,3.10352
283059,324750603,174,47.632725,0.23840332,-2.1645508,-1,46.123043,0.26507568,-2.2280273,1,3.227234
283059,742850674,394,50.740776,-1.9985352,-0.9238281,1,11.101538,-2.086914,-1.0532227,-1,3.7186186
283306,132511524,71,37.74329,-0.45300293,-2.0922852,1,27.574656,-0.4013672,-2.1826172,-1,3.355994
283306,284835634,155,75.50913,1.9628906,-0.7454834,1,28.934471,1.8972168,-0.7272949,-1,3.1893377
283306,283777536,155,59.41354,1.0844727,1.3371582,-1,29.70068,0.99560547,1.3657227,1,3.9225907
283306,284352372,155,44.84099,1.9780273,-2.7753906,-1,35.93083,1.9160156,-2.8447266,1,3.7322497
283306,284511403,155,77.03842,-1.3815918,1.5068359,-1,55.94874,-1.4394531,1.5129395,1,3.819154
283306,327649162,180,22.845388,-1.5400391,-2.0751953,-1,5.597743,-1.7541504,-1.8588867,1,3.4417586
283306,327565675,180,18.116682,0.16098022,0.49743652,1,10.351552,-0.06425476,0.5255127,-1,3.1148076
283306,383732800,212,71.22848,0.4437256,2.7358398,1,27.90698,0.3760376,2.7211914,-1,3.0885372
283358,1664376551,923,71.81985,1.0437012,-1.8359375,-1,29.612013,1.0246582,-1.9160156,1,3.7955565
283358,1664846512,923,55.340305,-0.513916,-0.26281738,-1,32.90068,-0.56030273,-0.31756592,1,3.062181
283358,1677173531,931,51.908394,-0.9127197,0.14196777,-1,48.734123,-0.8430176,0.1592102,1,3.6117754
283358,1677507564,931,39.309814,-0.48919678,-0.2074585,1,45.129604,-0.4335327,-0.26031494,-1,3.2331293
283359,29072950,19,24.689428,-1.357666,-0.3635254,-1,17.964638,-1.2507324,-0.4557495,1,2.9742548
283359,56432905,37,59.26262,-0.8234863,2.8154297,-1,21.065487,-0.8248291,2.9023438,1,3.0701435
283359,57162064,37,31.21731,2.1123047,-1.9675293,-1,25.326956,1.9870605,-1.9960938,1,3.6152887
283416,237693710,112,41.72869,-0.9592285,0.96313477,-1,34.33178,-1.0239258,1.012207,1,3.0731637
283416,242160278,115,31.202505,-1.8967285,2.8916016,1,28.5635,-1.8449707,2.791504,-1,3.3639867
283416,244485533,116,38.57259,1.1193848,-2.7280273,-1,27.789782,1.0825195,-2.8066406,1,2.842548
283416,307907751,154,17.87861,0.3665161,-2.1323242,-1,15.517986,0.33746338,-2.317871,1,3.123828
283416,307709928,154,38.761234,-0.33081055,1.5952148,1,10.872461,-0.17993164,1.5026855,-1,3.6356256
283416,409768424,217,39.111763,-1.2753906,-2.9448242,1,36.01869,-1.2219238,-2.8632812,-1,3.6590533
283416,414295967,219,53.326687,-2.0097656,-1.0515137,1,29.6288,-1.9387207,-1.119873,-1,3.922093
283416,412791131,219,75.34484,0.18167114,-0.4718628,-1,30.785885,0.23547363,-0.42651367,1,3.3890045
283416,418259772,223,58.71561,0.536499,2.2563477,-1,49.62949,0.6010742,2.2573242,1,3.4870014
283416,422354591,227,81.38581,-1.2702637,-2.4658203,-1,6.8549733,-1.2495117,-2.3291016,1,3.2643912
283416,425866445,231,39.429043,1.2434082,-0.23776245,-1,38.431286,1.208252,-0.30566406,1,2.9761422
283416,440673340,241,18.26547,0.16061401,0.21749878,-1,16.963545,0.338562,0.20050049,1,3.150695
283453,161415307,154,23.37931,0.8256836,-2.1845703,-1,22.46919,0.8223877,-2.322754,1,3.165403
283453,160917760,154,50.193584,0.90197754,1.9919434,1,33.45786,0.8461914,2.0322266,-1,2.8199553
283453,644557429,439,22.538591,1.8530273,-0.7558594,-1,13.036823,1.6584473,-0.7519531,1,3.341705
283453,644294835,439,43.047756,0.28710938,0.6290283,-1,35.00324,0.22149658,0.6633301,1,2.8746603
