Run,Event,Lumi,pt1,eta1,phi1,Q1,pt2,eta2,phi2,Q2,M
281797,1180006485,777,38.51641,-0.56591797,0.4706421,1,19.462246,-0.7203369,0.7955322,-1,9.815411
281797,1179158743,777,22.011215,1.4975586,-1.4729004,-1,21.834814,1.9260254,-1.4863281,1,9.469678
281797,1179705414,777,22.479734,1.7038574,2.243164,-1,7.1741614,2.0097656,3.046875,1,10.672253
281797,1179019600,777,52.745296,-0.74487305,-2.4936523,-1,34.737217,-0.53125,-2.4018555,1,9.967917
281797,1179954987,777,78.12858,-2.2338867,-3.078125,1,42.342678,-2.180664,-2.9140625,-1,9.90896
281797,2874790752,1694,19.867981,0.12561035,-1.2207031,1,13.710006,-0.054512024,-0.6687012,-1,9.474911
281797,3129633570,1857,31.02562,0.08900452,-2.6557617,-1,26.98727,0.06602478,-3.0195312,1,10.489229
281797,3130286644,1857,17.53355,0.8885498,2.7246094,1,12.054243,1.0419922,-2.9248047,-1,9.331396
281797,3129595966,1857,8.051313,-0.79333496,-1.6291504,-1,7.6449394,-1.5712891,-2.8164062,1,10.779914
281797,3130787885,1857,31.425875,-0.38867188,0.5780029,-1,16.286331,-0.00061249733,0.37109375,1,9.994017
281797,3141873494,1865,27.915699,-0.67333984,-1.697998,-1,16.852482,-1.0974121,-1.7060547,1,9.268721
281797,3149943548,1870,21.408047,-1.432373,-2.385254,-1,20.091606,-1.166748,-2.7504883,1,9.341634
281797,3150622312,1870,16.75313,0.56018066,-0.8898926,-1,14.036418,1.0732422,-0.59155273,1,9.167622
281797,3149214793,1870,21.693388,-0.0467453,-0.6303711,-1,12.958898,-0.59265137,-0.56604004,1,9.329669
281797,3201381321,1904,83.77631,1.2453613,1.848877,-1,43.75304,1.1047363,1.9282227,1,9.781999
281797,3249461099,1938,83.328316,-1.7768555,0.9875488,1,7.6425176,-2.1611328,0.98205566,-1,9.7584095
281797,3517453051,2125,22.218216,1.8605957,-2.8251953,1,21.106266,1.4333496,-2.9545898,-1,9.734161
281797,3517141850,2125,18.90142,-1.0268555,-0.2602539,-1,15.035107,-1.4606934,-0.5864258,1,9.181466
281797,3517155596,2125,11.22665,-0.97229004,-0.9279785,1,7.4037647,-1.9645996,-0.96325684,-1,9.42815
281797,2439941409,1441,32.82203,1.3137207,2.7617188,1,14.1643,1.2607422,2.293457,-1,10.069582
281797,2982691269,1762,32.25583,-0.69763184,0.3250122,1,15.626724,-0.35009766,0.08721924,-1,9.479573
281797,2982699004,1762,33.290535,1.8469238,0.026351929,1,19.955027,1.5817871,-0.20098877,-1,9.009218
281797,2985922142,1764,16.94049,-0.193573,-0.87316895,1,12.713455,0.25115967,-0.37426758,-1,9.788183
281797,2986449337,1764,17.818731,0.73291016,-0.6933594,1,14.576156,0.60791016,-1.3151855,-1,10.064695
281797,2986421879,1764,20.72287,-0.6008301,1.0842285,1,12.237968,-0.4975586,0.5091553,-1,9.181007
281797,3022268655,1787,17.047972,-1.7414551,-0.6414795,1,15.171785,-1.8374023,-0.07411194,-1,9.134146
281797,3053697957,1807,30.731192,-1.2883301,-1.3173828,-1,12.052838,-1.795166,-1.503418,1,10.487344
281797,3059966449,1811,46.65578,0.060783386,-2.6166992,1,28.109783,-0.23431396,-2.6533203,-1,10.807238
281797,3059590760,1811,36.826378,2.1826172,-1.0266113,-1,19.166534,1.8618164,-1.1516113,1,9.179844
281797,3060634483,1812,16.591675,1.0058594,0.057861328,-1,15.84016,0.66516113,0.53686523,1,9.484722
281797,3061164991,1812,17.68185,-0.95947266,-2.196289,-1,15.017951,-1.0654297,-1.6408691,1,9.100459
281797,3061934018,1812,35.98096,-0.6402588,1.0095215,1,34.771935,-0.64660645,1.2956543,-1,10.088887
281797,3061557386,1812,39.916233,-0.9642334,0.8666992,-1,9.871827,-1.1621094,1.3312988,1,9.95066
281797,3061874949,1812,29.402306,-0.6717529,0.037498474,1,21.787561,-0.4864502,-0.32391357,-1,10.238525
281797,3109417296,1843,17.292564,-0.8327637,-0.45483398,-1,12.487466,-1.1169434,0.11340332,1,9.242653
281797,3211396671,1911,69.719055,-0.61291504,-0.04207611,1,9.7569065,-0.3206787,0.22354126,-1,10.306343
281797,3210659727,1911,23.834808,-1.2390137,1.9350586,-1,17.549067,-1.2226562,1.4465332,1,9.897867
281797,3211675102,1911,17.338861,-1.5073242,-0.7696533,1,13.556321,-1.9326172,-1.3203125,-1,10.613758
281976,67954419,32,27.7476,0.59399414,-2.4819336,1,18.217817,0.7532959,-2.8789062,-1,9.564274
281976,68212625,32,31.559832,-1.4570312,1.2253418,1,21.694113,-1.175293,1.4335938,-1,9.181227
281976,68565502,32,11.853403,1.0400391,-1.9084473,1,7.886553,0.33416748,-2.618164,-1,9.6792555
281976,69506644,33,72.41073,0.14785767,0.8416748,1,61.16663,0.102767944,0.6876221,-1,10.673053
281976,69688032,33,49.573086,-0.08280945,-1.0927734,-1,30.777262,0.14190674,-1.0175781,1,9.273276
281976,73093348,35,68.038795,0.8457031,2.9038086,1,6.275134,0.4611206,3.114746,-1,9.102605
281976,74683695,35,26.65559,-1.9521484,1.2785645,-1,5.5909133,-1.7910156,2.1694336,1,10.7020645
281976,74741806,36,28.233974,-2.3134766,2.1074219,-1,16.339857,-1.9294434,2.307129,1,9.339934
281976,76901656,37,43.462524,2.2202148,2.5307617,-1,11.55213,2.2626953,2.9365234,1,9.0808
281976,116139977,59,36.993805,-1.1113281,2.3833008,1,15.46192,-1.0517578,1.9487305,-1,10.409768
281976,124383679,64,84.47491,0.55773926,-0.77490234,1,61.610504,0.58044434,-0.6278076,-1,10.728085
281976,126192556,65,28.067019,1.3547363,0.8688965,-1,26.172499,1.0974121,0.6348877,1,9.431652
281976,126552265,65,32.14563,0.58813477,2.3100586,1,13.694366,1.0852051,2.3828125,-1,10.646818
281976,132464501,69,62.284748,-0.9824219,3.088379,1,20.52683,-1.2648926,3.1245117,-1,10.215739
281976,178548398,95,31.20301,-1.34375,1.347168,-1,19.419916,-0.97351074,1.2033691,1,9.824684
281976,177916307,95,61.754242,2.084961,3.074707,1,35.315403,2.1694336,-3.0327148,-1,9.096703
281976,178661266,95,22.546972,-0.425354,-2.0581055,-1,5.6981072,-0.059188843,-1.3378906,1,9.012703
281976,178370260,95,27.620539,-1.0925293,-0.20602417,1,21.657549,-0.9538574,0.20233154,-1,10.483083
281976,2085265668,1169,23.77743,-0.08900452,1.5026855,1,16.059553,0.09172058,2.015625,-1,10.525754
281976,2216104483,1228,50.09469,0.7089844,1.1340332,-1,20.927654,0.65515137,0.8116455,1,10.538364
281976,209354736,114,35.568336,-0.5407715,-1.5461426,-1,12.816768,-0.4206543,-1.1101074,1,9.5861635
281976,209355491,114,21.064545,1.5751953,-0.5128174,1,5.4036527,2.1757812,-1.3320312,-1,10.701243
281976,210600882,114,44.41366,-2.315918,-0.6405029,1,20.255108,-2.237793,-0.9654541,-1,9.983581
281976,209486993,114,63.7904,-1.7141113,-2.7490234,-1,36.462185,-1.6794434,-2.5297852,1,10.684393
281976,258147675,143,20.313429,2.0292969,1.1271973,1,5.748937,2.0454102,2.102539,-1,10.128568
281976,256694326,143,31.705656,1.1489258,1.3232422,-1,15.371636,1.1318359,0.8626709,1,10.085184
281976,256616185,143,29.791708,-1.2155762,2.831543,1,9.777789,-1.4260254,-2.899414,-1,9.977343
281976,259587566,144,48.19723,0.31622314,-1.4641113,1,5.362951,0.8914795,-1.3603516,-1,9.523781
281976,259350933,144,30.036127,-1.4064941,-0.102996826,1,17.88191,-1.2224121,0.2970581,-1,10.1525955
281976,258632818,144,40.43349,0.6600342,2.6523438,1,16.40715,1.0063477,2.4960938,-1,9.824734
281976,349401869,202,60.781883,-1.6557617,3.1064453,1,36.06491,-1.7617188,2.9228516,-1,9.914872
281976,349272139,202,12.127908,1.7961426,1.5170898,1,11.385125,1.6726074,2.4052734,-1,10.201031
281976,553848993,318,19.870087,2.2265625,1.3181152,-1,5.7858276,1.3588867,1.5603027,1,9.941135
281976,595261701,339,32.421528,1.7644043,2.3710938,1,19.187407,1.4172363,2.6000977,-1,10.402449
281976,594689601,339,22.941484,-0.23910522,-0.661499,-1,19.616798,-0.65734863,-0.5953369,1,9.046983
281976,604574356,344,31.600418,-1.1054688,-2.6547852,1,24.00295,-1.3444824,-2.9223633,-1,9.875197
281976,604973491,344,25.055693,-0.13439941,0.2348938,1,16.477808,0.15283203,-0.14559937,-1,9.661836
281976,604937556,344,26.404625,0.5467529,-2.803711,1,11.790709,1.0646973,-2.7543945,-1,9.28221
281976,644469184,365,29.297758,-1.0939941,1.7219238,-1,15.941065,-0.9766846,1.2783203,1,9.840848
281976,643469920,365,33.02741,0.89453125,1.4135742,1,32.006733,1.1826172,1.5302734,-1,10.134977
281976,644100537,365,51.377613,-1.2229004,-3.0952148,-1,13.856111,-1.21875,2.8188477,1,9.793124
281976,683318049,386,18.98628,0.9515381,1.0275879,1,25.438482,1.2463379,0.7055664,-1,9.588099
281976,685447648,387,29.604956,-0.9071045,-2.866211,-1,15.432829,-0.4887085,-2.6347656,1,10.272246
281976,684946866,387,77.61797,1.0507812,0.04600525,1,67.4223,0.9090576,0.052993774,-1,10.27303
281976,694234619,392,49.73706,0.62939453,1.0200195,1,29.570116,0.4517212,0.83862305,-1,9.737071
281976,693157745,392,34.60319,2.1503906,-1.1052246,-1,6.487746,2.2905273,-0.38500977,1,10.766339
281976,718924419,406,35.00284,-0.37371826,1.0349121,-1,15.378307,0.040107727,0.92749023,1,9.985524
281976,719161975,406,25.820623,-0.94433594,-1.8879395,1,22.703915,-1.3154297,-1.9941406,-1,9.395031
281976,1379810939,780,25.278374,-1.9160156,2.9677734,1,20.685482,-1.932373,-2.878418,-1,9.920682
281976,1380709845,780,21.930641,0.76538086,-1.3710938,-1,13.1586685,1.3286133,-1.3342285,1,9.715119
281976,1381639813,780,30.073872,0.13186646,-1.076416,1,22.011435,0.22094727,-0.7200928,-1,9.403135
281976,1383145702,781,24.50302,-1.5197754,-1.3972168,1,14.721733,-1.2133789,-1.0073242,-1,9.3955765
281976,1384534219,782,24.291092,-0.7348633,-0.045433044,1,13.39923,-0.84606934,-0.5983887,-1,10.051783
281976,1384747589,782,28.57568,-1.2077637,2.4560547,1,18.24827,-1.1870117,2.9033203,-1,10.139747
281976,1398278108,789,33.69792,-1.1088867,-0.6430664,1,18.510252,-0.8724365,-0.9355469,-1,9.381639
281976,1397900207,789,40.143,-2.036621,-0.61328125,1,17.430632,-2.3603516,-0.401062,-1,10.265042
281976,1396853686,789,20.85212,1.8649902,-2.2548828,1,12.185392,1.9138184,-2.878418,-1,9.810061
281976,1397943100,789,19.876747,-0.77893066,-1.2041016,1,14.415939,-1.3098145,-1.5144043,-1,10.490171
281976,1401555317,791,19.920599,0.022087097,-1.9523926,1,12.786005,0.10220337,-2.5649414,-1,9.708432
281976,1401122647,791,38.983772,-0.049804688,0.34277344,1,14.876298,-0.49542236,0.31402588,-1,10.842466
281976,1400527377,791,20.951103,-0.81274414,0.43023682,1,17.31732,-1.0678711,0.011356354,-1,9.299343
281976,1400595771,791,19.501083,0.56848145,-1.8288574,-1,12.150478,1.1738281,-1.9501953,1,9.643498
281976,1415286959,798,25.284136,-0.13519287,-0.72631836,1,22.26897,-0.24490356,-0.2939453,-1,10.507833
281976,1414560150,798,29.054764,-1.9855957,1.0036621,-1,17.757502,-1.5756836,1.2429199,1,10.83109
281976,1416689286,799,26.208693,0.33551025,-0.7286377,1,15.1026325,0.6719971,-1.1315918,-1,10.423322
281976,1417257249,799,19.261112,0.054397583,1.2419434,1,17.394054,-0.20889282,0.79174805,-1,9.49329
281976,1442744366,813,18.840525,0.7939453,0.36602783,-1,16.970005,0.40270996,0.03980255,1,9.126391
281976,1443696440,814,18.91973,-1.079834,-2.739746,1,11.621503,-0.409729,-2.916504,-1,10.456325
281976,1443778613,814,18.965471,0.103393555,1.8796387,-1,18.291784,0.035377502,2.4038086,1,9.734412
281976,1443864231,814,43.865753,1.8964844,1.1154785,-1,16.34488,2.206543,1.246582,1,9.043946
281976,1442953062,814,23.091621,-2.0512695,-0.30267334,-1,17.481173,-1.654541,-0.6627197,1,10.776493
281976,1445743694,815,25.908298,-2.1489258,-1.3010254,1,16.464682,-1.7072754,-1.4562988,-1,9.738073
281976,1445781570,815,23.585052,0.4869995,-0.009721756,1,6.718463,0.6798096,-0.87927246,-1,10.879265
281976,1451325737,818,5.9240675,1.7316895,-0.73046875,1,5.7281437,1.8706055,1.0253906,-1,9.000691
281976,1452276446,819,21.954943,0.94055176,0.88256836,1,16.521765,0.37957764,0.9112549,-1,10.838514
281976,1920324783,1089,58.672215,0.4638672,1.0341797,-1,30.14472,0.2538452,1.1884766,1,10.969418
281976,1944847902,1100,20.891489,1.1435547,0.35107422,1,14.696501,1.0637207,0.9180908,-1,9.902257
281976,1945631173,1100,24.31799,1.0825195,0.6282959,-1,16.30575,1.0732422,0.1505127,1,9.425618
281976,1945914838,1100,17.939394,-0.3918457,0.63305664,-1,17.684301,-0.6624756,1.1425781,1,10.196662
281976,2011056113,1136,11.3621025,1.4575195,0.3571167,1,6.5430417,0.501709,0.9213867,-1,9.813125
281976,2019068486,1139,32.946224,-0.17218018,-2.3632812,-1,16.529581,0.012102127,-1.9594727,1,10.302825
281976,2018764564,1139,24.560133,-0.6270752,-1.2163086,-1,23.190243,-0.8479004,-0.8902588,1,9.375599
281976,2019089530,1139,39.46823,-0.61950684,2.9716797,1,18.885088,-0.300354,-3.084961,-1,10.70788
281976,2078676744,1166,44.517296,0.63757324,1.4470215,1,34.45069,0.38238525,1.519043,-1,10.409956
281976,2078085978,1166,83.68874,1.6630859,-0.29388428,-1,21.840538,1.4348145,-0.26037598,1,9.884884
281976,2133638313,1191,19.675056,-1.1762695,-0.42596436,1,13.761544,-1.4333496,-0.9920654,-1,10.122829
281976,2134112052,1191,29.437159,0.2387085,1.2434082,1,23.232084,0.042922974,0.9020996,-1,10.256476
281976,2146174775,1196,33.04265,-0.7438965,2.7089844,1,5.7946663,-0.33880615,-2.9121094,-1,10.619047
281976,1852219094,1052,31.659382,2.3935547,2.5957031,-1,27.607553,2.2548828,2.9018555,1,9.9062
281976,1852302858,1052,21.634623,-2.2329102,1.1682129,1,17.354185,-2.3691406,0.6125488,-1,10.952847
281976,1851772419,1052,80.49297,2.2998047,0.12174988,-1,47.013298,2.380371,-0.03199005,1,10.666829
281976,2219232081,1230,23.151373,-1.6437988,1.2358398,-1,16.232609,-1.2268066,1.5266113,1,9.891896
281976,2219181928,1230,26.783003,1.3061523,2.6010742,-1,14.645516,1.779541,2.472168,1,9.801098
281976,1808324253,1025,31.606043,-1.2548828,-3.1074219,1,22.216707,-1.1342773,2.8305664,-1,9.6473465
281976,1808918569,1025,29.233915,-0.9547119,0.22268677,-1,23.186373,-0.6993408,0.46118164,1,9.100352
281976,1808502737,1025,20.185,1.4436035,-0.6879883,-1,17.926271,1.2993164,-1.1899414,1,9.839483
281976,1808172097,1025,83.45463,-1.6147461,0.83813477,-1,44.37657,-1.6867676,0.98791504,1,10.105692
281976,1820429697,1032,24.09758,0.17504883,-0.85388184,1,12.381314,0.70214844,-0.6623535,-1,9.784825
281976,1821150208,1033,19.131958,1.8259277,3.114746,1,13.711839,1.3249512,-2.8608398,-1,9.584151
281976,1824786876,1035,25.662363,0.41851807,-2.2700195,-1,12.673035,0.5246582,-2.786621,1,9.409961
281976,1825693675,1035,20.903347,1.5102539,0.024784088,1,5.2098665,2.2504883,-0.40197754,-1,9.054441
281976,1827291550,1036,29.558249,-1.2531738,0.008640289,-1,11.153033,-0.79748535,0.2835083,1,9.715936
281976,1826767686,1036,19.780754,-0.6772461,1.0026855,-1,14.919472,-0.13476562,0.95751953,1,9.465868
281976,1828632325,1037,26.720644,2.2460938,0.36541748,-1,16.05065,2.3017578,0.8178711,1,9.362075
281976,1829103399,1038,17.957039,0.11323547,-1.8276367,1,16.434622,0.29675293,-2.3388672,-1,9.242957
281976,1830853716,1039,34.061565,2.2250977,-2.125,1,6.5942373,2.4536133,-2.7460938,-1,9.781999
281976,1831632931,1039,31.280594,0.4437256,0.39782715,-1,19.342804,0.047981262,0.38116455,1,9.806701
281976,1833091259,1040,16.697075,-0.36584473,-3.0488281,1,12.08792,-0.56933594,-2.355957,-1,10.073018
281976,1833531069,1040,11.705854,2.2060547,1.0385742,1,9.736938,2.2998047,1.9772949,-1,9.709803
281976,1840308490,1044,51.537056,1.4211426,2.5004883,-1,53.7759,1.3979492,2.675293,1,9.272144
281976,1840367917,1045,19.102587,-0.9354248,-0.35931396,-1,12.999137,-0.3425293,-0.36798096,1,9.4813175
281976,1840884717,1045,20.134722,0.6571045,-0.16503906,1,12.983558,1.0214844,-0.6296387,-1,9.513989
281976,1840655580,1045,20.627565,0.13464355,-0.5292969,1,12.904499,0.7219238,-0.52453613,-1,9.720251
281976,1851275057,1051,18.226938,-1.4211426,-2.4121094,1,14.207823,-1.8869629,-2.7666016,-1,9.456237
281976,1850183662,1051,44.75404,1.8725586,-1.1347656,1,15.127774,1.8793945,-1.5075684,-1,9.645879
281976,1859377741,1056,17.590565,1.4692383,-2.3110352,1,11.7215395,0.8498535,-2.506836,-1,9.462728
281976,1858222199,1056,22.84582,2.0922852,3.1166992,1,20.777878,2.0795898,-2.7495117,-1,9.0231905
281976,1859055297,1056,18.758549,1.128418,-1.9616699,-1,16.66398,0.61035156,-2.1152344,1,9.651319
281976,1862029389,1058,17.107912,0.94433594,1.2160645,1,15.746036,0.3040161,1.199707,-1,10.693323
281976,1862472340,1058,33.5287,-2.4179688,1.9616699,-1,17.061293,-2.1435547,2.2978516,1,10.363699
281976,1876855603,1067,20.628418,1.0302734,0.16699219,1,14.367471,1.1350098,0.6875,-1,9.041827
281976,1877048949,1067,32.02594,-2.1450195,0.22906494,-1,25.508553,-2.1889648,-0.11672974,1,9.914281
281976,1877048085,1067,102.75387,1.7038574,1.564209,1,98.355995,1.7800293,1.4868164,-1,10.920165
282037,55100957,27,91.49829,-0.55041504,0.7330322,1,8.093203,-0.7746582,1.0244141,-1,9.990913
282037,300150672,156,13.814491,-0.06573486,-0.027248383,-1,9.668659,0.055343628,0.91796875,1,10.614616
282037,1152105033,640,45.94449,-2.1699219,1.5258789,-1,34.583958,-2.3139648,1.7009277,1,9.029466
282037,1151681213,640,15.351117,0.4395752,-3.0332031,1,5.996931,-0.51123047,2.6694336,-1,10.947709
282037,1151120689,640,90.362785,2.1455078,-2.1689453,-1,74.71255,2.0458984,-2.1191406,1,9.149796
282037,102168435,48,38.882458,0.30969238,1.0737305,-1,25.945953,0.057022095,1.3059082,1,10.90363
282037,103334369,48,24.467905,-0.2111206,-2.7202148,-1,12.30222,-0.07116699,-2.1855469,1,9.482869
282037,102728240,48,33.993095,0.028331757,-3.1225586,1,17.317533,-0.09034729,-2.7001953,-1,10.571822
282037,102262351,48,23.260487,-0.9202881,-0.18029785,1,9.623735,-0.9486084,0.45031738,-1,9.289217
282037,104024826,48,50.296474,1.8479004,2.1484375,1,38.354755,1.6884766,1.9609375,-1,10.805092
282037,324003451,170,27.386555,-0.66137695,-2.1938477,1,16.634235,-0.63098145,-1.6818848,-1,10.827708
282037,324477603,170,27.021524,-1.7763672,2.2949219,1,5.292654,-2.4257812,2.7734375,-1,9.725831
282037,1988102429,1113,58.672176,-2.1933594,-2.8466797,1,13.198262,-2.1435547,-2.4663086,-1,10.61102
282037,2187856630,1236,10.354825,-0.8453369,-0.18887329,-1,9.983159,-0.65075684,0.8078613,1,9.919691
282037,2188649495,1236,8.733268,-1.029541,-0.39770508,1,8.195055,-1.7995605,0.43670654,-1,9.569736
282037,2188400511,1236,65.16524,-0.66430664,-2.239746,-1,8.181203,-0.28076172,-2.3105469,1,9.058889
282037,2528890269,1467,34.10428,-1.354248,-1.8342285,-1,11.506819,-1.6616211,-1.4672852,1,9.466842
282731,17539912,9,100.63511,-2.2280273,2.494629,-1,36.4746,-2.2163086,2.3408203,1,9.339098
282731,45795853,22,55.189896,0.8720703,1.1369629,1,5.824253,1.2727051,0.80236816,-1,9.377604
282731,45929088,22,65.95934,1.3830566,2.9125977,-1,30.104532,1.192627,3.0136719,1,9.617083
282731,44754693,22,25.0292,-0.58740234,2.7250977,1,17.882488,-0.20223999,2.491211,-1,9.57059
282731,224858308,119,19.95563,-2.0708008,-0.1817627,1,16.638048,-1.670166,-0.49517822,-1,9.292765
282731,224510306,119,42.290745,1.9296875,-2.7236328,1,6.4184074,2.2036133,3.0576172,-1,9.352056
282731,224229120,119,8.297473,-1.8598633,-0.2539673,-1,5.213361,-2.3339844,1.5803223,1,10.906732
282731,225155794,119,27.534237,-1.1318359,0.023162842,-1,14.5542345,-0.8878174,0.4124756,1,9.162701
282731,225876275,119,49.29543,0.29437256,1.8364258,-1,5.736151,-0.3184204,1.8232422,1,10.468832
282731,51234809,25,32.60217,0.5472412,-1.324707,1,21.221231,0.77233887,-1.0222168,-1,9.900851
282731,56544970,28,37.68328,1.9431152,-3.0844727,-1,38.384857,1.8339844,-2.8417969,1,10.100665
282731,56631090,28,29.123844,0.51708984,2.9648438,1,11.507936,0.3484497,2.4355469,-1,10.063707
282731,56578420,28,28.610449,0.25775146,0.9121094,-1,17.476917,0.24215698,1.371582,1,10.190184
282731,58362036,28,16.394884,0.3753662,-1.4621582,1,6.2410502,1.3178711,-1.3322754,-1,9.977383
282731,84450160,45,51.722122,0.29052734,-0.73376465,-1,11.361024,-0.018318176,-0.484375,1,9.636129
282731,84683377,45,18.580702,-0.37268066,1.592041,-1,6.8980956,-1.0646973,2.2661133,1,10.951453
282731,187595236,99,30.44395,2.1533203,2.4550781,1,28.412754,2.4423828,2.3217773,-1,9.387908
282731,187433047,99,26.499147,2.2158203,2.1269531,1,15.009416,1.6999512,2.1323242,-1,10.402918
282731,271228561,142,101.84617,2.0913086,-1.2077637,1,5.673416,1.7592773,-1.4384766,-1,9.74439
282731,271465759,142,15.886328,-2.427246,-2.7304688,1,9.413031,-1.8188477,2.9736328,-1,10.288087
282733,6275028,4,28.196388,0.94555664,-0.7019043,1,15.158414,0.6381836,-1.0744629,-1,9.967023
282733,5614351,4,69.58596,-0.6468506,1.8339844,-1,40.551163,-0.8359375,1.7910156,1,10.315246
282733,5679871,4,41.58011,2.1586914,2.918457,1,13.547293,2.4086914,-2.9731445,-1,10.984719
282733,5152770,4,31.355873,2.3999023,-2.3198242,-1,12.073113,1.9880371,-2.6523438,1,10.324803
282733,5495514,4,41.825653,-1.060791,2.8569336,1,11.521456,-0.7897949,-3.0576172,-1,10.017514
282733,26397903,16,25.53442,2.0429688,0.26745605,1,17.239174,2.1225586,0.77038574,-1,10.573589
282733,25220689,16,23.97817,0.54663086,0.649292,-1,11.724438,0.6451416,1.2160645,1,9.520819
282733,26021095,16,43.188667,-2.3041992,-2.1298828,-1,31.122772,-2.2548828,-2.4145508,1,10.560096
282733,26507081,16,39.715096,-2.3847656,-2.9267578,-1,13.584426,-2.4038086,-2.5,1,9.848461
282733,25702893,16,45.918137,1.4233398,0.06678772,1,13.509577,1.3620605,-0.37365723,-1,10.988097
282733,26057718,16,10.359103,2.2236328,-0.50891113,1,7.206332,1.8251953,0.49395752,-1,9.000109
282733,109227887,59,32.453785,-0.80249023,-0.2814331,1,14.370768,-1.2832031,-0.19494629,-1,10.646692
282733,108259440,59,75.6782,0.28308105,-2.2192383,1,14.282831,0.1671753,-2.489746,-1,9.6515465
282733,116432188,63,23.49629,0.1385498,1.6530762,1,19.443863,0.44293213,1.3410645,-1,9.315076
282733,117059498,63,38.498646,0.5109863,0.35021973,1,19.964575,0.6719971,0.026203156,-1,9.997925
282733,116960826,63,18.24537,1.6682129,-1.4570312,1,5.2511597,1.0405273,-0.6019287,-1,10.2417555
282733,167443076,89,38.5886,-2.0996094,-1.6169434,1,11.489892,-2.052246,-2.1201172,-1,10.531574
282733,168917095,89,27.887815,-2.046875,2.4423828,1,7.1697903,-1.9108887,1.7106934,-1,10.298475
282733,168641770,89,33.94515,1.3520508,0.46551514,1,13.688947,1.0158691,0.21551514,-1,9.050099
282733,216573547,116,52.873928,-0.40338135,1.4169922,1,27.969763,-0.2494812,1.1862793,-1,10.652102
282733,255479406,136,24.881134,0.27661133,-2.0615234,1,12.0204115,0.60754395,-1.6296387,-1,9.379673
282733,255278508,136,36.041412,1.3425293,-0.6444092,-1,12.065789,1.0891113,-1.0236816,1,9.480861
282733,268550552,143,8.4709635,-1.9370117,3.053711,-1,5.651623,-0.7390137,2.1796875,1,10.565683
282733,268086139,143,26.039543,-1.1291504,1.3000488,1,19.28572,-0.8031006,1.5500488,-1,9.224283
282733,312199478,167,36.20832,2.369629,-1.1342773,-1,11.393154,1.9577637,-0.8791504,1,9.88271
282733,313332615,167,27.5319,-0.067276,-2.7246094,-1,13.236087,-0.4326172,-3.0917969,1,9.887693
282733,318997264,171,24.396725,-0.08352661,-0.46722412,1,18.65219,-0.49334717,-0.29071045,-1,9.573083
282733,320419296,171,42.46897,1.4699707,0.1569519,-1,5.2511196,2.133789,0.3633423,1,10.554685
282734,29698108,14,42.322094,1.4106445,-1.6271973,1,15.428828,1.6362305,-1.3291016,-1,9.537549
282734,30493480,14,24.634825,-0.13586426,1.0493164,-1,13.639279,0.3762207,0.82177734,1,10.3621025
282734,205876585,99,20.398146,-0.89624023,0.30737305,-1,12.044642,-0.3428955,0.0803833,1,9.474781
282734,312467453,154,23.597965,0.25604248,-0.122177124,1,22.274084,0.6282959,0.045570374,-1,9.404147
282734,460351718,231,68.483925,2.2695312,-2.9038086,-1,32.699997,2.1367188,-2.744629,1,9.807523
282734,524784871,263,31.078403,0.53344727,2.2636719,1,5.228842,0.23760986,1.4943848,-1,10.288181
282734,524761316,263,44.633316,1.0375977,-1.3864746,-1,7.0143948,1.3339844,-0.87805176,1,10.3395
282734,527304948,264,24.852098,1.5739746,-3.1054688,1,11.618045,2.175293,3.1274414,-1,10.407564
282734,402494252,203,36.632362,0.39611816,0.94189453,-1,11.514225,0.56347656,1.4460449,1,10.807204
282734,411071437,208,54.57807,1.8178711,-2.6914062,1,28.165709,1.6242676,-2.8330078,-1,9.411802
282734,424440682,214,22.758135,-1.4406738,-1.4785156,1,16.582655,-1.8850098,-1.6025391,-1,9.029844
282734,423637288,214,16.73422,1.65625,1.9033203,-1,7.639612,1.4628906,0.9281006,1,10.818685
282734,429847696,217,67.468575,-1.4719238,0.517334,-1,54.059124,-1.5959473,0.39361572,1,10.580052
282734,430144434,217,27.796782,0.7817383,1.3991699,1,16.32824,0.50549316,1.7529297,-1,9.542936
282734,476417489,239,45.156948,0.23239136,-2.734375,-1,29.571806,0.048210144,-2.5083008,1,10.648343
282734,476053073,239,24.46548,1.595459,1.3195801,-1,20.782558,1.3657227,0.9494629,1,9.788536
282734,476452881,239,23.697817,-0.98547363,0.8907471,-1,21.644045,-1.2922363,0.5286865,1,10.730974
282734,260615574,127,12.376763,0.83496094,-1.9606934,-1,6.15214,0.8515625,-0.6744385,1,10.467012
282734,261382969,127,32.363285,1.4265137,-2.0473633,-1,14.543383,1.796875,-1.7490234,1,10.338651
282734,245214017,119,23.109928,0.2001648,2.5292969,-1,20.927786,0.6014404,2.397461,1,9.344573
282734,246090642,119,28.301434,1.8244629,1.7285156,-1,16.400955,2.0297852,1.3325195,1,9.564542
282734,245540753,119,87.434525,1.8859863,-3.1313477,-1,9.198637,2.052246,-2.8076172,1,10.2869
282734,245013016,119,41.042835,-2.0234375,-1.1420898,-1,7.941164,-2.3769531,-1.503418,1,9.124572
282734,245095821,119,32.22673,-0.01764679,-2.737793,-1,21.897566,0.2831421,-2.5024414,1,10.1606
282734,328558474,162,28.75112,2.1655273,2.7885742,1,21.932093,1.7609863,2.8486328,-1,10.338037
282734,326766702,162,13.737814,0.03816223,0.51623535,-1,5.813825,0.8658447,-0.1769104,1,9.735101
282734,328133320,162,23.767258,0.5275879,-2.3237305,1,18.16539,0.7030029,-1.8652344,-1,10.124241
282734,326804135,162,23.685177,1.1518555,-0.50878906,1,25.89034,0.7841797,-0.3881836,-1,9.630426
282734,332001393,164,39.646816,-0.85546875,1.28125,-1,14.891455,-0.45251465,1.2285156,1,9.940227
282734,331487773,164,25.03701,0.86364746,-0.98376465,1,21.788,1.177002,-1.220459,-1,9.188138
282734,332242103,164,37.9551,1.1386719,-1.1403809,1,24.30028,1.3393555,-1.4306641,-1,10.698003
282734,335599456,166,24.541143,-0.5924072,-0.72265625,1,11.732005,-0.4552002,-1.3178711,-1,10.2203865
282734,334557457,166,26.509007,0.10197449,-1.6882324,1,16.276297,-0.27441406,-1.9902344,-1,10.045161
282734,335023994,166,45.132023,-1.6760254,2.8305664,1,13.715847,-2.0131836,3.0844727,-1,10.522947
282734,335854009,166,33.454742,-1.7407227,-0.79919434,1,27.067747,-2.038086,-0.6254883,-1,10.388545
282734,334544649,166,25.194141,-1.8413086,-2.8891602,-1,19.197676,-1.3886719,-2.9794922,1,10.234315
282734,334999904,166,24.708927,-0.5701904,2.0776367,1,7.4292088,-1.1176758,1.6928711,-1,9.124331
282734,286937333,140,25.311249,-1.7277832,0.29711914,1,15.47207,-2.2016602,0.04953766,-1,10.652538
282734,285926386,140,27.521921,-0.56970215,0.34692383,1,9.001776,-0.88378906,0.9012451,-1,9.9417305
282734,286066354,140,70.09877,-0.98083496,0.002310276,-1,18.623392,-0.9995117,-0.29693604,1,10.7929735
282734,325646183,161,15.9206,0.46661377,2.2597656,1,7.830476,0.9593506,1.3867188,-1,10.955474
282734,299748667,147,33.839348,1.1853027,0.2128601,1,5.908822,1.9284668,0.09710693,-1,10.875741
282734,300304449,147,24.658232,-0.8803711,2.760254,1,12.73207,-1.4562988,2.9194336,-1,10.72302
282734,303656061,149,12.561347,1.3657227,-2.9355469,-1,7.924163,1.8244629,2.4003906,1,10.2053385
282734,303416584,149,25.229652,0.27783203,0.94299316,-1,12.60244,0.7770996,1.1337891,1,9.615382
282734,303904177,149,64.70388,1.3803711,1.2897949,1,8.293499,1.6743164,0.9313965,-1,10.719524
282734,303243503,149,26.597668,0.94018555,0.43798828,1,24.004414,1.2941895,0.5263672,-1,9.264663
282734,307625372,151,22.0939,0.07260132,1.5256348,1,5.4900465,0.9552002,1.7619629,-1,10.369463
282734,306433478,151,40.90959,0.15466309,0.45141602,1,43.40277,-0.08395386,0.44335938,-1,10.084385
282734,307660188,151,20.118744,-0.23614502,-1.3554688,1,7.7429843,-1.0678711,-1.4033203,-1,10.699398
282734,281195302,137,23.087723,0.29882812,-1.3959961,1,20.75679,0.4501953,-0.98791504,-1,9.471302
282734,279566210,137,23.192131,0.020576477,-1.8481445,1,18.547632,0.37091064,-1.5546875,-1,9.492962
282734,280590786,137,28.146069,0.97180176,-1.4658203,1,14.718722,0.677124,-1.8525391,-1,9.870252
282734,293394037,144,55.619537,1.4594727,-0.47210693,-1,37.90783,1.2956543,-0.60668945,1,9.738575
282734,294177020,144,50.592705,0.08149719,-0.36083984,1,6.059491,-0.37561035,-0.006210327,-1,10.1652
282734,300962530,148,53.610355,0.092559814,2.2773438,1,13.931504,-0.27435303,2.3979492,-1,10.608098
282734,300569181,148,20.105473,-1.3759766,-2.0922852,1,14.281849,-0.76293945,-2.145996,-1,10.590708
282734,304295565,150,127.737526,1.2751465,1.9624023,1,84.01706,1.2580566,1.859375,-1,10.815209
282734,304804427,150,39.220646,2.378418,-0.14855957,-1,10.146183,2.081543,0.25872803,1,10.021266
282734,309570271,152,40.775463,-0.1920166,-2.6489258,1,38.947826,-0.38580322,-2.4628906,-1,10.70658
282734,309873307,152,18.345644,0.6303711,-2.2651367,-1,16.15258,0.553833,-1.6738281,1,10.117468
282735,96026260,50,10.82929,0.57714844,-3.0219727,1,9.170666,-0.32928467,3.0771484,-1,9.523324
282735,94331430,50,22.620182,0.23364258,-2.2104492,1,13.294837,0.1913147,-2.7700195,-1,9.60583
282735,94401178,50,25.952517,-1.6708984,-1.9707031,-1,18.288671,-1.8859863,-2.3632812,1,9.708546
282735,277345387,136,35.058865,-0.76623535,1.9980469,-1,5.8161316,-0.25219727,1.5854492,1,9.449819
282735,277184567,136,24.926804,-2.1020508,-3.0175781,1,14.131674,-1.6560059,2.9731445,-1,10.058132
282735,373510637,183,86.78358,0.826416,1.7277832,-1,10.04789,0.9407959,1.3984375,1,10.254382
282735,373668542,183,22.41914,1.3537598,-1.6599121,1,11.103834,0.77490234,-1.3684082,-1,10.333053
282735,808569952,401,31.906658,0.73413086,-0.8803711,-1,16.937714,0.3408203,-1.0407715,1,9.927631
282735,808147485,401,19.18624,2.3686523,-0.1643982,1,17.412195,2.3305664,-0.67529297,-1,9.263293
282735,808084995,401,24.186222,0.6977539,2.3847656,1,16.30742,0.3908081,2.019043,-1,9.466855
282735,808683474,401,18.00293,-0.4418335,2.8320312,1,12.257492,-0.14730835,2.182129,-1,10.452336
282735,993933823,493,24.221413,-0.26837158,-1.3613281,-1,12.457504,-0.53356934,-1.8361816,1,9.386965
282735,1032460446,513,31.565287,-1.6882324,-0.61291504,1,25.64908,-1.9289551,-0.84936523,-1,9.601331
282735,1033079754,513,27.017775,1.3808594,2.5024414,1,14.4897585,1.8544922,2.4125977,-1,9.624493
282735,1434164426,735,18.82792,0.74121094,1.2890625,1,13.231408,1.1960449,1.6379395,-1,9.079981
282735,1433253397,735,110.43486,1.2463379,0.22103882,-1,58.28132,1.3479004,0.14581299,1,10.142732
282735,108791480,57,151.088,-2.4277344,-1.4606934,1,16.629726,-2.2939453,-1.3242188,-1,9.565563
282735,108094558,57,41.90528,-1.4177246,1.2268066,1,11.99204,-1.8452148,1.4311523,-1,10.684118
282735,108692003,57,63.14097,1.4729004,1.9821777,-1,11.898233,1.4389648,1.626709,1,9.736469
282735,179392312,91,29.17956,1.5957031,0.03274536,1,18.358305,2.0126953,0.23501587,-1,10.786457
282735,179195597,91,49.10521,-0.7819824,2.0458984,-1,12.269444,-1.1530762,2.135254,1,9.419841
282735,178850455,91,20.271587,-0.6102295,1.0300293,1,5.8986163,-1.4472656,1.5498047,-1,10.971259
282735,630249971,316,19.122269,1.145752,1.9567871,-1,18.417028,0.6102295,1.8884277,1,10.250894
282735,631086982,316,18.597538,-0.34484863,-2.0112305,-1,18.259922,0.095718384,-2.3256836,1,10.014491
282735,3204045620,1731,23.758802,-0.60827637,2.1166992,1,21.101582,-0.807251,1.755127,-1,9.205817
282735,3205282483,1731,24.136978,-1.3134766,0.34729004,1,6.4974384,-1.8525391,0.9655762,-1,10.234864
282735,3243708262,1753,17.91216,-0.69470215,-2.5654297,1,12.744341,-0.0713501,-2.574707,-1,9.5724325
282735,3243454492,1753,20.117405,2.0610352,-0.95422363,1,20.707762,1.954834,-0.5064697,-1,9.318581
282735,3243648373,1753,43.586506,0.29943848,0.4227295,1,24.814396,0.32037354,0.13449097,-1,9.471612
282735,3242546385,1753,19.55354,-1.7861328,-1.970459,-1,15.834099,-1.3601074,-2.2939453,1,9.44262
282735,1425011595,730,28.50289,0.018829346,0.77124023,1,17.00509,-0.39123535,0.68811035,-1,9.273553
282735,1424895502,730,44.068336,-1.3378906,0.7696533,-1,7.289761,-1.9067383,0.8359375,1,10.401463
282735,1424509727,730,36.212715,-0.95532227,-0.49682617,1,17.0057,-1.1889648,-0.8249512,-1,9.974014
282735,1617459593,844,20.297625,2.0200195,-1.9484863,-1,12.739617,1.7883301,-2.5317383,1,9.972032
282735,1618267007,844,19.272999,-0.152771,1.9482422,-1,13.581757,0.41540527,2.0512695,1,9.464495
282735,1618512181,844,22.01054,-1.5666504,-2.4526367,1,12.529994,-1.4013672,-1.8564453,-1,10.134568
282735,1728558037,912,61.16838,-1.0109863,-3.0878906,-1,39.72683,-1.1542969,-2.9658203,1,9.282249
282735,1727492160,912,102.97562,1.7424316,0.49926758,-1,31.330166,1.904541,0.5296631,1,9.378333
282735,1728458995,912,16.943367,-0.29455566,2.3867188,-1,12.843626,-0.9494629,2.428711,1,9.854087
282735,1727441382,912,20.838299,-1.1108398,2.3588867,1,12.555445,-0.5806885,2.6166992,-1,9.621207
282735,2274087241,1235,18.66391,1.7348633,-1.2519531,1,16.801834,1.5073242,-1.7253418,-1,9.234362
282735,2381084402,1288,21.089252,0.2730713,-1.5976562,-1,14.335537,-0.2364502,-1.4865723,1,9.161175
282735,2380884626,1288,16.240345,1.1020508,-0.07946777,1,11.727509,0.8400879,-0.75964355,-1,9.895153
282735,2994729596,1608,18.102274,1.9885254,2.8276367,-1,13.791914,1.6811523,2.3251953,1,9.245724
282735,3115286403,1675,13.030315,1.5671387,-1.6918945,1,9.710319,0.7791748,-1.2578125,-1,10.304329
282735,3116241561,1675,41.13616,-0.58374023,-3.1357422,1,40.01419,-0.6760254,-2.9267578,-1,9.255119
282800,43694706,29,17.905386,-1.467041,-0.023712158,1,8.378496,-0.67163086,0.29510498,-1,10.730565
282800,44924204,29,33.437294,0.6472168,-0.19760132,1,16.465536,0.23672485,-0.15856934,-1,9.742736
282800,43680765,29,58.95103,-1.0861816,-0.96813965,1,34.05208,-1.2998047,-1.0239258,-1,9.909453
282800,229287083,130,34.32941,1.6960449,0.3696289,-1,5.869093,2.3652344,0.45874023,1,9.75911
282800,229331263,130,30.275427,0.8441162,-0.4888916,1,21.315573,0.87316895,-0.11833191,-1,9.38874
282800,229527332,130,30.747961,2.224121,-1.630127,-1,25.770657,1.8994141,-1.5668945,1,9.351638
282814,756789031,390,20.13312,0.9036865,-1.0043945,-1,13.333749,1.4648438,-0.82873535,1,9.74876
282814,758110123,390,25.189892,0.41680908,1.3308105,-1,21.55183,0.7496338,1.0893555,1,9.60161
282814,757777156,390,35.24418,-0.13110352,-0.55163574,1,25.845892,0.19561768,-0.43865967,-1,10.474707
282814,981442030,503,17.59533,-1.0754395,0.5303955,-1,14.518278,-1.5197754,0.1321106,1,9.5530615
282814,981417552,503,25.192179,-0.6341553,-1.7456055,1,24.567848,-0.49365234,-1.3937988,-1,9.383655
282814,981725097,503,52.265938,-1.6650391,2.9794922,1,12.752082,-1.2573242,3.010254,-1,10.628584
282814,980290450,503,29.674189,-0.14505005,-2.7514648,1,23.30515,0.04043579,-2.4370117,-1,9.575027
282814,1116246424,572,15.504269,-1.9963379,0.2189331,1,16.172709,-1.5393066,-0.2789917,-1,10.685809
282814,1116146068,572,24.302067,1.2731934,-0.4263916,-1,5.102834,1.104248,0.43017578,1,9.439569
282814,1114700857,572,30.59149,-0.068984985,-1.8041992,-1,14.757974,-0.25360107,-2.2045898,1,9.319118
282814,1115258953,572,25.670696,2.4902344,1.9318848,-1,9.410528,2.4355469,2.5356445,1,9.280566
282814,1134068119,582,38.60991,-0.65075684,-1.715332,1,28.66495,-0.48394775,-1.9445801,-1,9.422147
282814,1135608731,582,17.057547,0.1640625,1.4135742,1,12.041054,0.24542236,2.177246,-1,10.744005
282814,1203872796,619,19.360775,0.7824707,-1.7617188,1,13.559759,0.5699463,-1.2211914,-1,9.314257
282814,1204138182,619,27.529083,0.9958496,0.5222168,-1,21.81922,0.654541,0.6887207,1,9.341764
282814,1212533712,623,20.458479,2.175293,0.4824829,1,10.538399,1.7839355,-0.06249237,-1,9.793473
282814,1214557795,624,20.36726,-0.3406372,0.90441895,-1,13.70524,0.22131348,0.83813477,1,9.576997
282814,1214610437,624,37.65518,-0.92858887,-1.4604492,-1,18.462929,-0.7816162,-1.1123047,1,9.922675
282814,1213980056,624,44.739826,1.6083984,-2.2036133,1,21.01929,1.4741211,-2.4990234,-1,9.922552
282814,823542750,424,66.98346,2.1723633,1.1945801,1,13.648491,2.1264648,0.84020996,-1,10.746366
282814,822609984,424,18.248425,-0.720459,0.102630615,-1,16.800354,-0.8601074,0.6954346,1,10.517018
282814,854887727,439,20.645023,0.47399902,1.6674805,-1,12.776088,0.8815918,2.0605469,1,9.201042
282814,874663143,449,27.683853,-1.8242188,0.70410156,1,22.568169,-2.168457,0.9069824,-1,10.019707
282814,1733550876,928,20.40392,0.3123169,-3.0390625,-1,11.699734,-0.16223145,-2.6699219,1,9.324002
282814,1734520562,928,55.66461,1.6826172,2.6689453,1,7.529186,1.3720703,2.9975586,-1,9.251478
282814,1738791891,931,36.886772,-0.80895996,1.746582,1,21.902313,-0.76953125,2.081543,-1,9.542488
282814,1738248271,931,70.42883,-0.6536865,0.649292,-1,27.945593,-0.7811279,0.8496094,1,10.522437
282814,1738128042,931,24.835491,-0.35394287,0.4918213,-1,12.817775,-0.8930664,0.6627197,1,10.2011385
282814,1738936750,931,27.369303,-1.9543457,-0.43688965,1,12.408333,-1.9702148,-1.0197754,-1,10.594257
282814,1738437445,931,159.03888,-2.4526367,1.7209473,1,14.420844,-2.234375,1.732666,-1,10.488089
282814,1739875087,932,38.525444,1.0068359,-0.45703125,-1,49.626972,1.2265625,-0.4772339,1,9.66752
282814,1740118085,932,18.500177,1.2597656,2.7280273,1,13.155222,0.6439209,2.8964844,-1,10.106863
282814,1870627699,1015,37.991924,-0.6776123,2.5961914,-1,6.630546,-1.1557617,2.1542969,1,10.348611
282814,2031692042,1121,16.956907,-2.3701172,0.08000183,-1,17.067247,-1.907959,-0.2524414,1,9.726835
282814,2032174022,1122,16.747446,1.3977051,-2.1728516,-1,12.821856,0.819458,-2.4204102,1,9.322902
282814,1108796893,569,52.20361,-0.9295654,-2.1699219,-1,6.9274917,-0.7963867,-2.6694336,1,9.736268
282814,1112969801,571,28.704895,-0.62475586,0.23556519,1,12.915965,-1.0905762,-0.008275986,-1,10.190627
282814,1114460890,571,20.868237,-0.9863281,0.12814331,-1,16.389122,-1.0041504,0.69921875,1,10.4234915
282814,1120153529,574,14.074923,-0.80041504,2.6875,-1,6.0877113,-0.77905273,1.4650879,1,10.625712
282814,1220979437,628,22.527552,-0.039398193,1.9294434,1,18.444223,-0.29553223,2.3105469,-1,9.328923
282814,1220153070,628,40.14998,-0.6451416,-0.042800903,-1,21.504286,-0.92163086,-0.25927734,1,10.330878
282814,1221234152,628,17.608608,-0.30444336,1.0268555,-1,12.897898,0.021125793,0.48791504,1,9.4165745
282814,1241122613,639,44.222126,-0.32104492,1.7104492,-1,18.965864,-0.6694336,1.7722168,1,10.2971
282814,1241447977,639,64.98625,2.0180664,0.13607788,-1,19.625778,1.746582,0.2644043,1,10.749637
282814,1253179052,645,29.927368,1.449707,-0.8133545,1,5.6276746,1.4575195,-1.5319824,-1,9.1273
282814,1252135838,645,27.188736,-1.0776367,1.3520508,1,13.760197,-1.138916,1.8808594,-1,10.178797
282814,1284017743,662,19.154972,0.41558838,-2.3286133,1,15.970792,0.6418457,-1.8520508,-1,9.159742
282814,1284307991,662,37.525684,-0.18829346,-1.1896973,1,15.2471075,-0.36120605,-1.5969238,-1,10.522774
282814,1291678134,666,27.341196,0.8430176,-2.3725586,1,15.525158,0.36187744,-2.3623047,-1,10.010932
282814,1293649871,667,32.232845,-0.99523926,1.4458008,-1,24.523945,-0.7114258,1.6086426,1,9.220418
282814,1293673787,667,21.390411,1.098877,2.5043945,1,11.584635,0.506958,2.3950195,-1,9.609743
282814,1292771762,667,19.17203,-1.5354004,-2.5151367,1,6.3791957,-0.6444092,-2.6416016,-1,10.278151
282814,1310094623,676,19.60676,-0.7614746,0.3114624,1,15.372423,-0.35760498,-0.042808533,-1,9.341744
282814,1309355468,676,18.842865,-1.0195312,-2.9853516,-1,15.256026,-1.6188965,-2.8686523,1,10.5027895
282814,1309788387,676,18.027845,-0.41308594,1.8117676,1,12.205091,-0.22088623,2.434082,-1,9.521098
282814,1308782090,676,16.159573,1.2165527,1.293457,-1,14.214883,1.8825684,1.1015625,1,10.684005
282814,1315565123,680,48.305454,-2.2421875,-0.8823242,1,5.7844462,-2.2954102,-0.26641846,-1,10.171191
282814,1327777358,687,23.304104,2.1694336,-0.80810547,1,5.0543795,1.7009277,0.02319336,-1,10.155817
282814,1327789433,687,14.951073,0.5878906,2.8569336,-1,14.576305,-0.07221985,3.1298828,1,10.705009
282814,1329097501,687,30.75789,0.8170166,0.19662476,-1,10.741126,0.48712158,-0.2576294,1,10.163123
282814,1373792647,712,37.189583,1.9328613,-1.1723633,-1,15.599297,1.9267578,-1.5812988,1,9.782199
282814,1373638011,712,42.14447,2.1391602,-2.9179688,-1,33.20772,2.1220703,3.0917969,1,10.216409
282814,1428180291,743,25.364864,1.3198242,-3.0292969,1,11.995218,0.79345703,-3.0668945,-1,9.310848
282814,1400963012,728,46.103897,-2.0844727,-0.14038086,-1,32.951424,-1.9382324,-0.35791016,1,10.2060795
282814,1401476157,728,20.205006,-1.0839844,-0.36621094,-1,11.479061,-1.5576172,0.10543823,1,10.181064
282814,1401312589,728,44.727985,1.7229004,-1.8317871,1,5.699505,1.3745117,-1.326416,-1,9.746393
282814,1488190226,779,17.7711,1.8999023,2.4160156,-1,5.6489577,0.88671875,2.1708984,1,10.8709135
282814,1494105963,782,22.611712,-0.04107666,0.6660156,-1,13.194485,-0.5422363,0.32299805,1,10.548779
282814,1577784737,832,35.42584,1.2729492,1.677002,-1,29.03599,1.2937012,1.9799805,1,9.703062
282814,1577989266,832,34.259823,-0.16183472,2.8046875,1,5.659968,-0.5599365,2.2783203,-1,9.145258
282814,1576899729,832,32.745663,0.39990234,3.0424805,1,25.198215,0.61413574,-3.0024414,-1,9.199821
282814,1581336343,834,38.70824,0.2929077,0.5625,1,7.6820297,0.8239746,0.8099365,-1,10.196411
282814,2981572368,1602,39.283184,-0.83361816,2.135254,-1,19.733553,-1.0981445,2.3867188,1,10.16478
282814,2982929978,1602,25.411945,0.34320068,-1.9575195,-1,14.09088,0.5571289,-2.4018555,1,9.273125
282814,2984059211,1603,126.911446,-1.3059082,-2.041504,-1,81.358795,-1.2939453,-1.9494629,1,9.428183
282814,2983349936,1603,34.660748,0.29882812,3.0874023,-1,11.250135,0.2711792,-2.677246,1,10.139854
282814,2986527938,1604,26.232214,-1.8662109,-0.7188721,1,17.403158,-1.4560547,-0.9748535,-1,10.374764
282814,2986445269,1604,18.632826,-1.4641113,1.3371582,1,14.103766,-0.8588867,1.3833008,-1,9.989643
282814,2988804458,1606,54.040215,-1.9672852,-2.3466797,-1,41.67588,-2.175293,-2.3554688,1,9.8963375
282814,2989218059,1606,96.77907,-0.8725586,0.09272766,-1,35.5213,-1.0168457,0.017929077,1,9.535296
282814,1531178507,804,29.329668,0.9830322,1.798584,-1,21.367012,0.8510742,2.1606445,1,9.601381
282814,1530523971,804,58.302917,-2.1225586,0.79260254,-1,6.9081306,-1.9335938,0.36810303,1,9.268141
282814,1530487849,804,18.703373,0.26202393,-1.4980469,1,12.087713,0.47235107,-0.854126,-1,10.029187
282814,1530665482,804,28.536175,-0.8051758,-0.030460358,-1,7.9143286,-0.5611572,0.5767822,1,9.709062
282814,1561877545,823,23.525867,1.2546387,0.5046387,1,13.837766,1.0124512,0.023086548,-1,9.655719
282814,1562319100,823,45.761005,1.3469238,0.7825928,1,22.032635,1.6552734,0.7548828,-1,9.868966
282814,1563205414,823,67.331345,-2.1743164,2.9111328,1,13.671872,-2.4760742,2.8710938,-1,9.269405
282814,1562621994,823,49.72306,-1.6508789,-0.73913574,1,32.11636,-1.4335938,-0.57629395,-1,10.860084
282814,1581681902,835,27.12382,0.38305664,0.7467041,1,11.799887,-0.14276123,0.9001465,-1,9.903028
282814,1652129383,877,21.874992,-1.4560547,-0.60632324,-1,12.830942,-0.9440918,-0.9400635,1,10.3034525
282814,1650851307,877,29.798862,1.3632812,1.2045898,-1,13.199213,1.1791992,1.6530762,1,9.547783
282814,1650895898,877,52.821144,-1.6020508,0.0056991577,-1,11.606706,-1.9812012,-0.108673096,1,9.859758
282814,1651910174,877,16.836594,0.35491943,0.54919434,-1,12.316925,-0.16369629,1.0151367,1,10.062336
282814,1664963847,885,21.253853,-0.29711914,2.538086,-1,20.846664,-0.37609863,2.0854492,1,9.591797
282814,1664907099,885,21.807676,-1.2565918,-1.3359375,1,12.90907,-0.9407959,-1.8376465,-1,9.884143
282814,1664116616,885,19.173424,-1.4697266,1.6159668,-1,14.673474,-1.3696289,1.0720215,1,9.16675
282814,1666411504,886,22.54216,0.9046631,-1.5349121,1,16.531212,1.1196289,-1.0898438,-1,9.481182
282814,1666185299,886,18.82601,0.44195557,-1.0991211,1,18.746662,-0.03314209,-1.2541504,-1,9.467654
282814,1665897258,886,52.24111,-0.8133545,-2.8330078,-1,30.47041,-0.55615234,-2.8637695,1,10.362945
282814,1666214836,886,36.41056,-2.0942383,0.013702393,-1,34.0294,-1.9621582,-0.26715088,1,10.895813
282814,1667928300,887,19.60141,-0.22302246,1.3530273,-1,12.621768,-0.37823486,0.6923828,1,10.491958
282842,52969060,28,27.527729,-0.0639801,2.854004,1,17.708311,0.286438,3.1108398,-1,9.615223
282842,51712933,28,26.384638,1.2036133,-2.209961,1,13.696428,1.2814941,-1.6975098,-1,9.748623
282842,52835940,28,39.847347,1.1928711,2.5893555,-1,33.728508,0.9466553,2.5083008,1,9.524331
282842,52432451,28,79.023796,-1.9438477,-1.9741211,1,5.650468,-1.9106445,-2.4228516,-1,9.429011
282842,115519162,62,14.896838,-0.79504395,-1.7963867,1,6.537473,-1.7617188,-1.5771484,-1,10.147833
282842,115157844,62,10.649865,0.2420044,0.9658203,-1,5.3555503,-0.39678955,-0.4091797,1,10.768267
282842,114537853,62,24.995647,-1.1259766,1.4040527,1,5.647272,-1.939209,1.7734375,-1,10.846902
282842,122947056,66,22.369543,0.4597168,-0.94189453,-1,14.931738,0.67858887,-0.38671875,1,10.788811
282842,122570948,66,49.764736,-1.9775391,-1.1777344,1,35.347427,-1.7880859,-1.2924805,-1,9.298437
282842,122311294,66,24.179066,1.1098633,-0.23873901,-1,22.852095,0.7261963,-0.11465454,1,9.530584
282842,122785604,66,14.337948,0.34320068,2.8256836,1,5.286688,-0.7480469,2.3603516,-1,10.756604
282842,123664245,66,29.31168,2.4350586,-0.19717407,1,15.843275,2.4907227,0.26556396,-1,9.954192
282842,122643545,66,33.35097,-0.40368652,1.2817383,-1,22.549934,-0.75427246,1.2150879,1,9.834967
282842,141174123,75,38.788933,-0.55163574,-0.22958374,1,18.679832,-0.26782227,-0.4399414,-1,9.523704
282842,139636151,75,11.416816,0.37823486,-0.4282837,1,5.1980987,0.26556396,0.85595703,-1,9.26809
282842,139634484,75,27.862873,1.2089844,-1.6228027,1,13.539625,1.0126953,-1.1833496,-1,9.288323
282842,140663696,75,23.427292,0.7727051,1.7241211,-1,17.918282,0.52893066,2.149414,1,9.992917
282842,140654703,75,52.50555,-1.0563965,-2.121582,1,6.696397,-0.5732422,-2.333496,-1,9.970807
282842,140193502,75,32.49382,1.496582,-1.7121582,-1,14.615348,1.3188477,-2.1669922,1,10.564442
282842,116514063,63,37.624863,0.3083496,-2.0800781,1,16.25503,0.03401947,-1.8081055,-1,9.553918
282842,118070000,63,43.362553,1.0905762,-0.5437012,1,6.4505486,1.572998,-0.80737305,-1,9.257572
282842,147798453,79,25.015137,0.34454346,-1.402832,1,17.932583,0.75878906,-1.1025391,-1,10.873473
282842,148693122,79,10.940565,-1.9187012,-2.519043,-1,5.2256565,-2.0039062,2.4013672,1,9.54699
282842,147589744,79,17.22612,-1.626709,-2.7163086,1,5.8599277,-0.8479004,3.0327148,-1,9.618086
282842,103817928,56,25.549036,-0.0061397552,2.3745117,-1,18.838717,0.32250977,2.6445312,1,9.345383
282842,104812168,56,16.759272,0.6043701,-0.15576172,-1,7.2077565,1.1713867,0.5227051,1,9.664019
282842,105307232,56,24.168003,1.0839844,-2.0644531,-1,17.765287,0.67993164,-1.8537598,1,9.48911
282842,105445405,56,18.836376,0.7940674,-0.71032715,-1,10.59979,0.4482422,-0.04408264,1,10.46489
282842,104146847,56,36.621212,-0.0072336197,-1.2443848,1,12.384489,0.010604858,-1.7277832,-1,10.201749
282842,103956148,56,35.856964,-2.0820312,-0.39300537,1,17.250292,-2.4511719,-0.23657227,-1,10.017367
282842,105224647,56,25.631512,0.062438965,-2.1669922,1,22.889734,-0.33270264,-2.2963867,-1,10.129761
282842,68644356,37,30.332388,1.7573242,2.3740234,-1,16.646927,1.7619629,1.9189453,1,10.138591
282842,68493146,37,31.916256,-0.79589844,-0.8170166,-1,16.04969,-0.41168213,-1.0095215,1,9.771298
282842,68338372,37,63.01033,-1.9472656,1.394043,1,11.145247,-2.0708008,1.0566406,-1,9.483539
282842,131831181,71,28.066486,-0.26464844,0.888916,1,8.347231,-0.6705322,0.38568115,-1,9.859808
282842,135434962,72,35.574657,-0.42034912,-0.3834839,1,33.54829,-0.13897705,-0.5142822,-1,10.747184
282842,135343900,72,35.380157,1.3430176,-1.7868652,-1,18.413832,1.0878906,-1.501709,1,9.75971
282917,97575512,137,33.68631,1.8212891,2.121582,1,37.519787,1.8063965,2.4018555,-1,9.944965
282917,97953174,137,8.63941,-0.065093994,1.6970215,-1,8.347404,-1.2177734,2.0493164,1,10.759562
282917,96389086,137,62.56751,-1.9350586,1.8896484,-1,6.4069023,-2.4399414,1.765625,1,10.512641
282917,176641643,189,57.636627,1.605957,-1.2819824,1,6.9007664,1.2380371,-0.99450684,-1,9.332194
282917,176836589,189,34.531948,0.60827637,0.883667,1,7.2859645,0.027744293,0.5722656,-1,10.55473
282917,176793182,189,38.73179,0.57788086,-0.096466064,-1,18.950478,0.7784424,-0.42437744,1,10.38462
282917,176420353,189,86.99237,-0.86865234,1.4003906,-1,47.100563,-1.0043945,1.3635254,1,9.010628
282919,72333463,36,66.99454,2.2524414,0.6248779,1,52.692104,2.2202148,0.79125977,-1,10.060753
282919,117278558,60,28.079811,-1.1130371,3.137207,1,23.191107,-0.89404297,2.8173828,-1,9.8691635
282919,117939072,60,38.406517,2.0966797,-1.5625,-1,8.257788,1.9702148,-0.99890137,1,10.157741
282919,117041711,60,164.49162,2.1245117,2.5810547,-1,22.853441,2.206543,2.4414062,1,9.927865
282919,116756873,60,23.28711,1.6999512,-1.0002441,-1,9.732944,1.4362793,-0.33270264,1,10.6374235
282919,350297908,181,35.81225,-2.1879883,-0.42193604,1,17.261179,-2.3984375,-0.06138611,-1,10.342947
282919,350251789,181,34.34383,-0.8594971,2.9902344,1,13.384984,-0.5539551,-2.8916016,-1,10.78468
283043,7703659,5,28.920397,1.3044434,-1.9289551,1,17.883852,1.6665039,-2.180664,-1,10.056918
283043,7486928,5,31.295275,-0.11643982,-0.23001099,1,11.8687105,0.24591064,0.14437866,-1,10.038044
283043,8130824,5,25.349566,0.0098629,2.8095703,-1,13.240512,0.22583008,2.3168945,1,9.775021
283043,136200582,79,26.551264,-0.75,-1.796875,1,16.346916,-0.90966797,-1.3413086,-1,9.981037
283283,126597273,62,23.327063,1.9624023,0.80578613,1,16.6426,2.2089844,1.2399902,-1,9.78649
283283,812422386,398,32.560204,1.3085938,-2.8603516,1,14.886295,1.7385254,-2.8422852,-1,9.546811
283283,813652246,398,15.53826,1.3684082,0.7368164,1,13.465208,1.4221191,1.3754883,-1,9.114988
283283,812411901,398,40.89142,-1.6779785,-1.0480957,1,14.4952755,-1.8393555,-1.4375,-1,10.208758
283283,813016604,398,27.648603,0.37145996,0.7713623,1,19.167439,-0.018863678,0.97229004,-1,10.153449
283283,850398217,417,20.151318,-1.5939941,-1.5266113,-1,16.1749,-1.894043,-1.9572754,1,9.438742
283283,849522563,417,26.134647,-1.0332031,0.30633545,1,11.892629,-0.7076416,-0.090148926,-1,9.025328
283283,850467177,417,20.936298,0.43304443,-1.236084,1,18.461046,0.3866577,-0.701416,-1,10.426641
283283,849580334,417,31.683756,-0.37542725,-0.75549316,1,13.094475,-0.7449951,-0.49139404,-1,9.27804
283283,1031285198,513,51.798073,0.96875,-3.0097656,-1,7.1437993,1.2961426,2.855957,1,10.177142
283283,1032215256,513,60.349983,-0.31365967,-2.4853516,1,5.7160764,0.18997192,-2.3417969,-1,9.821478
283283,1237764812,625,25.714233,0.17315674,1.8366699,-1,17.377316,0.57128906,1.6447754,1,9.390079
283283,1236667178,625,36.945007,0.07185364,-1.9865723,1,35.27414,-0.19277954,-2.0820312,-1,10.181627
283283,153729947,75,18.24098,-0.014997482,-1.0695801,1,17.325285,-0.5205078,-1.2902832,-1,9.890619
283283,153447313,75,27.338963,-1.6044922,-2.1010742,-1,15.166241,-1.583252,-2.5776367,1,9.622057
283283,1738717358,914,28.640907,0.35803223,1.9628906,1,21.10837,0.32562256,2.3481445,-1,9.4478035
283283,1738097879,914,17.718536,0.42211914,2.3779297,-1,15.0553255,0.84265137,2.7817383,1,9.528099
283283,2165223617,1187,25.46133,1.0168457,2.461914,-1,12.08424,0.859375,1.9384766,1,9.488866
283283,2165540304,1187,45.7635,2.0092773,-0.35821533,1,26.799347,1.8603516,-0.11294556,-1,10.033538
283283,2165721452,1187,19.720436,1.3720703,-0.8991699,1,14.886965,1.2521973,-0.33221436,-1,9.802543
283283,2941836683,1729,40.336617,0.61364746,-0.7557373,-1,21.821718,0.9260254,-0.63061523,1,10.017685
283306,9267397,8,19.929047,2.1728516,-2.4023438,-1,6.279146,2.4360352,2.9501953,1,10.463944
283306,8455919,8,54.562504,-2.4208984,-0.6534424,1,17.118185,-2.2700195,-0.9154053,-1,9.221239
283306,9186199,8,23.760353,-0.7874756,1.6499023,-1,19.885143,-0.37268066,1.8918457,1,10.487518
283306,78159856,42,65.05381,-2.1123047,-1.1081543,1,14.60644,-2.1533203,-1.4611816,-1,10.897606
283306,77360387,42,57.493313,-1.3427734,2.328125,-1,6.12242,-1.7995605,2.6660156,1,10.702019
283306,79130654,42,7.6908565,-0.83776855,-2.1347656,1,5.8321157,-1.8518066,-3.0166016,-1,9.104372
283306,78324308,42,28.967993,-1.8271484,-1.6115723,-1,10.143282,-1.5898438,-2.0966797,1,9.188403
283306,77217074,42,32.466316,-1.1220703,0.83361816,1,27.242632,-1.4685059,0.87890625,-1,10.441803
283306,106785826,56,69.11789,-2.4980469,-0.9992676,1,48.12711,-2.4394531,-1.1662598,-1,10.1965065
283306,106021147,56,107.83204,-1.0480957,-1.7399902,-1,67.602806,-1.1452637,-1.8232422,1,10.925887
283306,105185848,56,27.186964,1.0490723,2.8876953,-1,7.09777,1.7180176,2.8535156,1,9.478659
283306,20778114,14,45.231255,0.44177246,-0.1524353,-1,15.06793,0.2038269,-0.42565918,1,9.451562
283306,20652152,14,20.610344,1.3671875,-2.1689453,-1,18.259941,1.8461914,-2.2792969,1,9.622564
283306,359536323,197,21.552809,1.6706543,-0.7475586,-1,5.65102,1.6591797,-1.7504883,1,10.61109
283306,495659499,279,35.24987,1.7033691,0.8692627,-1,19.951015,1.671875,1.2822266,1,10.906026
283306,494652265,279,21.847118,0.3880005,0.8183594,1,16.848158,0.4822998,0.28302002,-1,10.308664
283306,495898578,279,103.01592,2.0429688,1.6586914,-1,101.62976,1.9621582,1.7043457,1,9.503289
283306,494612749,279,22.05536,2.059082,-0.31707764,-1,18.076567,2.2792969,0.13659668,1,10.003905
283306,495145905,279,31.262062,2.2607422,-0.06035614,1,27.072279,2.0112305,-0.33581543,-1,10.806176
283306,47404320,27,36.003517,0.6501465,2.989746,-1,34.40798,0.89904785,2.8916016,1,9.4374485
283306,46803352,27,27.219597,0.96313477,-1.3820801,1,18.99538,1.0888672,-1.001709,-1,9.06056
283306,101693184,54,32.32145,-0.9272461,0.3821411,-1,20.721006,-0.58532715,0.4590454,1,9.111693
283306,102990107,54,49.249035,0.99731445,-0.86376953,-1,16.639942,1.0874023,-1.2060547,1,10.086298
283306,101632865,54,42.639656,-1.3769531,-0.4459839,1,6.949071,-1.3530273,0.14077759,-1,9.964488
283306,122850046,66,30.278816,-1.2966309,0.52441406,-1,7.080717,-0.7753906,1.0446777,1,10.784963
283307,213788422,116,22.882858,1.0820312,-1.7287598,-1,13.448122,0.8897705,-2.293457,1,10.342169
283307,215005862,116,44.349182,1.3557129,1.9326172,1,18.860435,1.1467285,2.2456055,-1,10.8598585
283307,246406428,134,39.859726,-1.815918,-2.3701172,-1,30.050062,-1.9047852,-2.652832,1,10.226345
283307,245742974,134,50.73441,-0.80773926,-1.0019531,-1,14.153656,-0.70654297,-1.3740234,1,10.277473
283307,861766008,451,81.35008,-0.43499756,-1.4599609,-1,28.032879,-0.3953247,-1.2739258,1,9.071171
283307,861464742,451,58.909138,-0.06335449,1.793457,1,38.267876,-0.19567871,1.6271973,-1,10.084797
283307,860813034,451,22.964922,1.3015137,2.9628906,-1,8.803152,0.9727783,2.2817383,1,10.595813
283307,860845436,451,24.183338,0.10922241,-0.79260254,1,18.559687,-0.31713867,-0.8718262,-1,9.254743
283307,740479343,391,18.28696,1.9604492,-2.2475586,1,17.948845,1.7131348,-2.7978516,-1,10.820851
283307,740083795,391,26.11199,-0.78308105,2.4067383,1,20.686071,-0.44659424,2.6523438,-1,9.703503
283308,76046596,41,59.816032,-1.9020996,-2.7075195,1,9.673174,-2.2299805,-2.9536133,-1,9.880536
283308,75953026,41,25.669048,-1.6794434,-1.3308105,-1,21.19919,-1.8442383,-0.95532227,1,9.520229
283308,103598275,57,39.368988,0.9161377,-1.4584961,-1,5.143982,0.91259766,-0.75354004,1,9.825765
283353,298608679,228,27.071146,0.300354,-1.911377,-1,10.844728,-0.14581299,-1.607666,1,9.289204
283353,297506927,228,29.622627,0.12489319,2.520996,-1,14.543952,0.31274414,2.9970703,1,10.538677
283353,296927673,228,24.86722,1.2956543,0.82592773,1,18.228157,1.3793945,0.33398438,-1,10.52065
283353,380691882,275,6.132374,2.0039062,-0.91296387,-1,7.0077586,2.2324219,0.98876953,1,10.776358
283353,379539555,275,12.038083,-1.4643555,-0.26049805,1,6.0616975,-2.1757812,-1.2138672,-1,9.998401
283353,423842808,300,37.554535,0.5593262,0.6890869,1,15.168098,0.14227295,0.75390625,-1,10.144681
283353,861368607,553,29.714382,0.7746582,1.1413574,-1,17.752127,0.48223877,1.4450684,1,9.680467
283353,387902022,279,14.500439,1.7922363,-0.24081421,1,8.165257,0.9914551,-0.100097656,-1,9.0779505
283353,386849343,279,52.658226,0.5761719,-1.3339844,1,39.834225,0.80578613,-1.3796387,-1,10.744821
283353,387649920,279,42.910786,1.829834,-0.76501465,1,6.3936725,2.0336914,-1.3474121,-1,10.094378
283353,400366718,287,47.085022,-2.118164,0.2659912,-1,16.69962,-2.421875,0.4307251,1,9.713473
283353,400967812,287,40.149124,-0.15585327,-0.8562012,1,5.503199,0.0801239,-0.27319336,-1,9.238921
283353,402306707,288,47.562084,-1.4042969,2.114746,1,19.3979,-1.7458496,2.1083984,-1,10.42711
283353,1232492123,762,26.171822,-0.66638184,-1.2719727,-1,21.768877,-0.7442627,-1.6889648,1,10.054672
283353,1231947236,762,10.368061,-1.6774902,-1.279541,1,9.288949,-1.4389648,-0.2076416,-1,10.293887
283353,1338677690,822,57.526936,-0.59265137,2.9921875,1,16.476885,-0.43878174,-2.9814453,-1,10.610744
283353,485647777,335,33.642735,1.3937988,2.3564453,1,5.825739,2.052246,2.659668,-1,10.294208
283353,485692571,335,18.055687,-1.6091309,2.0473633,-1,7.989142,-2.3120117,1.8171387,1,9.047698
283353,489046972,337,9.290119,-1.2026367,2.0546875,-1,6.7858906,-1.170166,-2.9716797,1,9.338605
283353,489492428,337,22.792679,-2.0439453,3.0673828,1,5.577742,-1.8317871,-2.3041992,-1,10.211533
283353,528521648,360,24.008802,-0.48999023,-1.6269531,1,8.296743,0.030677795,-1.2614746,-1,9.030182
283353,937030640,596,33.346924,0.21670532,2.2045898,-1,14.795426,0.6777344,2.159668,1,10.379447
283353,935832647,596,52.787624,1.6635742,-0.8076172,1,10.041963,2.025879,-1.1169434,-1,10.984364
283353,955183846,607,28.356024,-0.49621582,2.7612305,1,11.6436825,-0.7606201,2.2231445,-1,10.794806
283353,967174189,614,72.3627,0.6072998,-0.7340088,1,12.589564,0.8840332,-0.4981079,-1,10.985253
283353,966900621,614,25.636553,0.7788086,2.9760742,1,5.1537623,0.004514694,2.6157227,-1,10.011133
283353,978614691,621,39.861847,-1.3188477,3.0185547,1,15.570438,-1.072998,-2.980957,-1,9.344273
283353,979075857,621,25.635883,-0.22158813,-0.044654846,-1,14.590437,-0.6994629,-0.014585495,1,9.348419
283353,979624479,621,27.316782,0.36273193,-1.3271484,1,22.031466,0.1831665,-0.93603516,-1,10.504812
283353,1121325354,700,116.846275,-1.8300781,1.7905273,1,5.4053726,-2.0307617,1.4533691,-1,9.831391
283353,1120747432,700,43.165787,-0.2802124,0.7833252,-1,11.512928,0.11341858,1.0048828,1,10.114216
283353,1120054849,700,30.53485,0.31982422,2.836914,1,20.09731,0.63012695,3.059082,-1,9.472566
283353,1123030437,701,46.62683,-1.8342285,-2.3417969,-1,5.610601,-1.3625488,-2.8242188,1,10.908623
283353,1122939842,701,38.13978,1.0219727,1.9067383,-1,11.464312,0.5543213,1.9287109,1,9.878831
283353,1122684566,701,35.81442,-2.0517578,3.03125,1,19.06871,-1.7004395,3.022461,-1,9.230977
283353,1123498884,701,87.57473,-2.0375977,2.2739258,-1,6.5690584,-1.885498,2.6713867,1,10.148891
283353,1123416261,701,70.226715,2.0141602,0.20239258,-1,64.7181,2.1274414,0.31610107,1,10.823874
283353,1027551180,651,26.91646,-0.16113281,-2.4829102,-1,14.057951,0.14770508,-2.1074219,1,9.439549
283353,1027371083,651,19.016666,-1.3083496,-2.0048828,1,6.227108,-2.1992188,-2.0273438,-1,10.021169
283353,1105217073,692,19.70734,0.7480469,1.7241211,-1,15.73021,1.3198242,1.5456543,1,10.676484
283353,1106362173,692,24.749817,-1.3742676,1.770752,1,18.702488,-1.5666504,2.2006836,-1,10.071473
283353,1157747309,720,27.574135,-1.9140625,0.79833984,-1,14.242551,-1.7106934,0.38446045,1,9.089185
283353,1158467604,720,29.20375,1.432373,0.78222656,-1,5.3468585,0.8959961,1.4384766,1,10.529975
283353,1184711200,735,32.71421,-0.058013916,-0.7611084,-1,13.080851,0.37158203,-0.61621094,1,9.442801
283353,1185285750,735,36.550037,0.21954346,-1.3469238,1,6.358311,0.6936035,-1.7197266,-1,9.227095
283353,1185746924,735,31.25303,-0.42364502,-0.4729004,-1,11.489378,-0.53686523,-0.96191406,1,9.422212
283353,1184587794,735,56.417973,1.0239258,0.43286133,-1,8.301302,0.61279297,0.58825684,1,9.56934
283353,1185776851,735,24.549213,-1.871582,3.1230469,1,8.876818,-1.7016602,2.4785156,-1,9.682156
283353,1261028641,778,28.90547,0.7894287,-1.9719238,-1,18.399216,0.34454346,-1.838623,1,10.791062
283358,320624,1,25.934383,0.48254395,-0.34136963,-1,19.119287,0.044799805,-0.47283936,1,10.251775
283358,524029,1,37.991207,0.1437378,-0.076553345,-1,10.495036,0.36114502,-0.5629883,1,10.555506
283358,489122,1,45.305157,-0.6611328,2.974121,1,5.4052806,-0.14453125,2.5302734,-1,10.68999
283358,17982467,11,26.401413,0.58691406,-2.946289,-1,14.591498,0.32763672,-2.5600586,1,9.09944
283358,17225414,11,121.8343,-0.57470703,1.7202148,1,30.888887,-0.69348145,1.6040039,-1,10.1943035
283358,24566633,15,50.931324,-0.37457275,-2.6484375,1,13.236979,-0.2111206,-2.3310547,-1,9.240916
283358,24150212,15,41.265484,-1.2851562,-0.62561035,1,7.737062,-1.4621582,-0.07675171,-1,10.188986
283358,26523915,16,30.402796,0.77233887,1.8740234,1,19.126822,0.42590332,1.6081543,-1,10.552499
283358,25754203,16,28.616232,-0.3173828,-0.3347168,-1,24.032791,-0.64501953,-0.20907593,1,9.237428
283358,26247833,16,47.870102,1.1657715,-2.6269531,1,55.405876,1.2714844,-2.7929688,-1,10.129243
283358,26961710,16,33.254974,-2.253418,-1.685791,1,13.510493,-1.8640137,-1.9377441,-1,9.867284
283358,32518756,20,38.20609,-0.5194092,1.0332031,-1,18.470144,-0.43048096,1.4311523,1,10.76423
283358,32850157,20,26.809174,1.3410645,0.39611816,1,5.8408685,0.93811035,1.0246582,-1,9.253391
283358,39622902,24,30.112595,0.137146,1.9467773,-1,27.795666,-0.15542603,1.7866211,1,9.673756
283358,39692273,24,28.605396,-1.3964844,-2.5976562,1,12.5070305,-1.7780762,-2.9858398,-1,10.29397
283358,51656569,32,40.821358,2.1396484,-1.5263672,-1,37.650314,1.8845215,-1.520752,1,10.0319805
283358,52343705,32,20.604687,2.2719727,2.8271484,-1,6.567361,1.9824219,2.0908203,1,9.029466
283358,51850072,32,65.703804,1.3000488,0.36254883,-1,17.655815,0.9980469,0.47399902,1,10.999911
283358,67464227,41,29.066698,0.07978821,-1.0666504,-1,22.894127,-0.22418213,-0.87268066,1,9.323138
283358,66364437,41,33.05835,1.3684082,2.1298828,1,16.11916,1.0837402,1.7922363,-1,10.180883
283358,67538431,41,44.04732,-1.3432617,-2.3261719,-1,30.907164,-1.4152832,-2.6064453,1,10.644467
283358,68883204,42,24.55666,-0.53967285,3.083496,-1,12.959782,-0.30828857,-2.6987305,1,9.763481
283358,69215857,42,47.116295,2.069336,-1.1591797,1,30.436815,2.0668945,-1.4145508,-1,9.644461
283453,115335348,130,13.7850065,-2.15625,2.487793,1,11.457826,-2.1391602,-3.0615234,-1,9.019889
283453,116553953,130,8.664272,-1.9838867,2.9638672,1,6.3875184,-1.6914062,1.407959,-1,10.668019
283453,116826478,130,47.348793,1.2480469,1.4755859,1,10.720731,0.8355713,1.5393066,-1,9.468647
283453,149173333,148,28.810352,-1.3269043,2.9956055,1,11.025614,-1.0061035,-2.8427734,-1,9.736043
283453,150117481,148,25.30755,1.1069336,3.0439453,1,17.93191,1.2055664,2.5878906,-1,9.857951
283453,150275215,148,26.731144,0.49865723,-0.23052979,1,12.938017,0.5917969,0.32019043,-1,10.260165
283453,150398096,148,127.07315,1.9941406,1.75,1,26.88705,1.8779297,1.869873,-1,9.761211
283453,149589725,148,57.759857,-2.114746,0.65625,-1,15.449873,-2.4555664,0.5649414,1,10.586327
283453,189958626,168,22.629192,0.01300621,2.4692383,1,11.752217,0.4277954,2.9677734,-1,10.542997
283453,189585835,168,48.635365,1.9921875,-1.767334,-1,27.034477,2.184082,-1.5515137,1,10.467584
283478,688019026,478,23.496452,-0.7060547,-0.34002686,-1,12.600738,-0.5605469,0.23300171,1,10.04329
283478,687780841,478,25.66857,0.25079346,0.29119873,1,12.62159,-0.2576294,0.5472412,-1,10.329041
283478,687713577,478,37.14905,0.9246826,-1.8605957,1,13.267164,0.50183105,-1.8676758,-1,9.458896
283478,687030276,478,45.027435,2.0454102,-1.6577148,1,35.19778,1.8098145,-1.5935059,-1,9.741583
283478,687923914,478,14.131526,0.8811035,-2.2651367,1,9.136228,0.16775513,-2.8432617,-1,10.5117235
283478,702965770,487,34.64642,-0.2531128,0.93652344,-1,12.261612,-0.051322937,1.3852539,1,10.073339
283478,705708584,488,41.368042,-1.5600586,-0.4407959,1,5.762988,-1.1228027,-0.8359375,-1,9.113327
283478,704709253,488,39.77247,2.2285156,-0.6452637,1,7.5080876,1.6940918,-0.4727173,-1,9.809115
283478,1297659790,836,20.494778,-0.9445801,-1.355957,1,6.0746555,-0.59716797,-0.5307617,-1,9.759742
283478,1296965465,836,58.07768,-0.64904785,2.213379,1,13.7080555,-0.8216553,1.907959,-1,9.872552
283478,1298234967,836,24.390793,0.55688477,-0.9354248,1,23.93942,0.1383667,-0.9234619,-1,10.191202
283478,1498572893,948,34.337196,-1.8532715,-2.3188477,-1,21.356678,-2.1923828,-2.3666992,1,9.317323
283478,1498373959,948,34.930706,0.5917969,1.6740723,1,20.408226,0.63842773,1.3022461,-1,9.9487705
283478,1498127561,948,59.862278,-1.0688477,2.0131836,-1,38.271084,-1.144043,1.8273926,1,9.582394
283548,189280366,234,161.66681,1.2900391,2.574707,1,110.726974,1.2192383,2.5454102,-1,10.253048
283548,192802105,236,47.19612,1.003418,1.4880371,1,5.656404,0.51953125,1.2143555,-1,9.143816
283548,261959952,275,38.601196,-0.82141113,-0.9376221,-1,31.589441,-0.9390869,-1.2104492,1,10.349413
283548,260982434,275,23.928988,-0.5847168,2.2504883,1,19.653708,-0.35980225,1.8708496,-1,9.532146
283548,261793945,275,25.959137,0.17254639,-0.23855591,1,23.824911,0.45855713,-0.5220947,-1,10.01638
283548,267373677,278,8.606666,0.8187256,2.4707031,-1,4.687134,0.7137451,-1.9353027,1,10.269399
283548,266185323,278,7.8768735,2.300293,-1.5368652,-1,10.86619,2.1074219,-2.581543,1,9.402694
283548,268641248,279,17.000315,-1.2087402,-2.9213867,-1,14.708599,-1.6123047,-2.4643555,1,9.62325
283548,278747522,285,17.241598,-0.93115234,-0.18865967,-1,17.417961,-1.454834,-0.41522217,1,9.980401
283548,280786090,286,26.576553,-1.3391113,0.44580078,-1,17.703857,-1.1728516,0.8679199,1,9.779278
283548,280897131,286,21.785227,1.824707,0.4439087,1,14.518893,1.9135742,-0.09420776,-1,9.58652
283548,281599531,286,38.919544,-0.3244629,-2.430664,-1,33.28156,-0.16879272,-2.6469727,1,9.582419
283680,3713505,3,32.821793,-0.8359375,0.118377686,-1,15.336945,-0.703125,0.52197266,1,9.475297
283680,4184109,4,53.149555,-0.39733887,-1.2177734,-1,49.72738,-0.51586914,-1.0449219,1,10.767926
283680,6621136,6,42.35735,2.3671875,-0.12612915,1,39.600132,2.1220703,-0.067596436,-1,10.344835
283680,94719453,61,43.739517,0.9869385,-1.8598633,-1,27.732038,1.28125,-1.8278809,1,10.347526
283680,113462653,72,77.471214,-1.3000488,2.3081055,1,36.19237,-1.2624512,2.125,-1,9.884884
283680,113465373,72,7.6658473,2.1879883,1.0683594,-1,5.4766426,2.4521484,-0.6142578,1,9.8123255
283680,124308238,80,56.813454,2.1879883,1.0275879,1,10.557056,2.050293,1.4089355,-1,9.876978
283680,125688221,80,34.634747,0.4317627,0.8187256,-1,8.407637,0.13214111,0.3577881,1,9.333763
283680,124235290,80,30.738853,0.93115234,2.6796875,1,14.982599,1.3710938,2.7529297,-1,9.646562
283680,125247720,80,34.8477,0.9741211,1.1652832,1,13.708349,0.6553955,0.89123535,-1,9.197407
283680,124355897,80,82.58277,0.774292,-0.02602005,1,8.186294,1.0007324,0.272583,-1,9.728542
283680,125499660,80,32.93796,-0.8380127,2.1845703,1,13.171853,-0.803833,1.7492676,-1,9.023691
283680,125622903,80,68.3139,-1.9306641,0.33538818,1,17.11694,-2.0839844,0.068222046,-1,10.513384
283680,10184040,8,21.774021,-1.980957,-2.916504,-1,6.665445,-2.0629883,-2.0634766,1,10.0166855
283680,9203239,8,27.25847,1.2375488,0.7347412,1,17.615797,0.8041992,0.87561035,-1,10.055146
283680,24010994,19,23.280947,-0.0038790703,0.8112793,-1,13.268846,-0.047157288,0.22583008,1,10.171953
283680,40120635,29,33.14414,-0.68969727,-2.9296875,-1,16.719797,-0.3441162,-2.7675781,1,9.020823
283680,40630850,29,96.553925,-1.5974121,1.635498,-1,60.94587,-1.7338867,1.6032715,1,10.764525
283680,8229387,7,18.536882,2.2075195,1.8789062,-1,20.057209,1.9523926,1.4523926,1,9.536833
283680,7938848,7,56.22254,0.8421631,1.6591797,-1,29.607243,1.0749512,1.6889648,1,9.596294
283680,19153592,15,125.472694,1.8955078,2.2978516,1,106.79948,1.8095703,2.3183594,-1,10.222524
283680,44709793,31,26.920685,1.0812988,0.2414856,-1,19.815218,1.284668,0.6072998,1,9.629742
283680,43135580,31,34.121517,-0.96655273,-2.8520508,-1,14.430934,-0.5437012,-2.9638672,1,9.773085
283680,56276801,38,34.088524,1.956543,-0.47399902,-1,13.70706,1.9821777,0.011703491,1,10.4108
283680,111202719,71,24.751713,0.81811523,2.2451172,-1,11.2227545,0.5097656,2.7700195,1,10.07051
283680,111913837,71,25.313017,0.21768188,-2.3823242,1,24.353933,-0.18457031,-2.4355469,-1,10.141383
283820,90018286,67,18.775434,-0.5062256,-2.8007812,-1,17.351847,-0.03439331,-2.4677734,1,10.472818
283820,90041302,67,57.41071,1.7897949,2.4125977,1,27.675701,1.5922852,2.2333984,-1,10.633269
283820,125995344,85,27.415016,-2.0004883,-0.020973206,1,9.043105,-1.4448242,0.3591919,-1,10.674243
283820,125591646,85,22.514421,2.1933594,1.032959,-1,10.409704,1.6484375,1.3710938,1,9.892785
283820,125698186,85,109.43322,1.2600098,-2.2651367,1,23.567356,1.1733398,-2.4555664,-1,10.613229
283820,554194124,320,22.665945,-2.1176758,0.6746826,1,12.4157715,-1.6335449,0.27770996,-1,10.536951
283820,552872932,320,30.518116,1.2370605,-0.78125,-1,12.841333,1.6694336,-0.6430664,1,9.0486965
283820,554210525,320,65.86434,0.31744385,2.7646484,-1,5.658977,0.83691406,2.8208008,1,10.199786
283820,553716012,320,28.574432,0.57666016,-2.635254,-1,16.356321,0.8724365,-2.9282227,1,9.000828
283820,558543519,323,23.34749,2.3378906,-0.5593262,-1,21.079426,1.8613281,-0.54907227,1,10.6747
283820,558051972,323,31.484102,-1.060791,-2.5595703,-1,16.053772,-0.6882324,-2.756836,1,9.516997
283820,1342494396,760,25.010643,-0.53063965,2.2753906,1,15.586448,-0.26593018,2.7094727,-1,9.989161
283820,1341819369,760,21.71728,0.6949463,0.65026855,1,16.005358,0.7661133,1.1953125,-1,10.123782
283820,1341532827,760,29.033972,-0.03463745,-2.9638672,-1,10.775636,-0.6131592,-2.8115234,1,10.719622
283820,1323414805,750,73.87597,-1.857666,0.08795166,-1,18.612968,-1.7504883,0.36102295,1,10.849827
283820,1356491123,768,23.682821,-1.1088867,-0.9506836,-1,17.348097,-0.71765137,-0.74450684,1,9.0053425
283820,1356366020,768,32.272568,-2.493164,0.21640015,-1,23.795027,-2.1704102,0.29968262,1,9.274039
283820,1371938293,777,28.734114,2.4291992,1.0800781,-1,15.249317,1.9775391,0.848999,1,10.686586
283820,1371768247,777,32.429188,2.0043945,-2.5996094,1,19.405209,2.1269531,-2.2207031,-1,9.936518
283820,1372419614,777,42.570873,0.57336426,-1.4245605,1,18.303999,0.24221802,-1.4978027,-1,9.508503
283820,1374015756,778,25.29273,0.023925781,0.84802246,-1,11.968368,-0.53845215,0.58032227,1,10.94773
283820,1374010079,778,40.022766,-1.9602051,-0.8195801,-1,15.427807,-1.7397461,-1.1345215,1,9.532019
283820,1373573315,778,67.84338,-0.4312744,0.6451416,1,48.145245,-0.5476074,0.4996338,-1,10.643826
283820,1374024886,778,44.400375,0.79211426,1.4833984,1,34.42131,0.62609863,1.6662598,-1,9.653064
283820,1375518405,779,37.177673,0.9810791,1.8530273,1,12.947578,1.3852539,2.0595703,-1,10.008688
283820,1378380181,780,50.68424,-1.6682129,-0.43963623,-1,29.871227,-1.6479492,-0.68395996,1,9.515407
283820,1377676444,780,26.541414,0.17138672,2.510254,1,19.234192,-0.049682617,2.1044922,-1,10.390143
283820,1378139205,780,22.773638,0.70947266,0.73291016,1,14.637199,1.232666,0.8790283,-1,10.022521
283820,1377679811,780,19.453657,-0.35443115,2.5913086,1,17.21795,-0.8129883,2.8842773,-1,10.010907
283820,1380153183,781,26.079266,1.3662109,-1.6086426,-1,21.727186,1.6787109,-1.8398438,1,9.270512
283820,1380574530,781,33.353115,-0.9326172,-0.3060913,-1,14.636435,-0.6212158,0.07093811,1,10.784148
283820,1381409409,782,28.423714,1.8210449,-0.8352051,1,28.25479,2.147461,-0.6796875,-1,10.281962
283820,1381074849,782,23.470327,-1.0866699,-1.5354004,1,18.247538,-0.7891846,-1.1862793,-1,9.479122
283820,1381552273,782,58.485306,-0.42596436,1.6071777,1,39.209618,-0.22164917,1.5083008,-1,10.884066
283820,1382044817,782,27.133955,-1.1237793,-2.4995117,-1,17.359627,-0.88256836,-2.866211,1,9.495913
283820,1382347319,782,38.201107,0.68859863,-1.5019531,-1,18.24851,0.35656738,-1.2963867,1,10.34002
283820,1381138937,782,47.71209,0.52001953,0.3579712,1,20.748484,0.76342773,0.5357666,-1,9.495013
283820,1383783034,783,38.882763,-1.0224609,-1.3662109,-1,15.361376,-1.3806152,-1.5866699,1,10.312926
283820,1383764797,783,39.851704,0.11723328,1.3557129,1,25.08885,0.44213867,1.4057617,-1,10.439465
283820,1383722566,783,24.062706,0.16635132,1.1433105,1,13.7644005,0.4360962,0.7224121,-1,9.058721
283820,1384178477,783,35.96978,0.4685669,0.1963501,-1,21.68683,0.76208496,0.37384033,1,9.601992
283820,1382664726,783,39.773495,-1.2341309,0.7663574,-1,13.837898,-0.78686523,0.7762451,1,10.58319
283820,1387268126,785,19.705763,1.1989746,1.760498,-1,6.269452,2.0981445,1.9091797,1,10.465485
283820,1387187279,785,17.22667,-1.3217773,0.73254395,1,8.693322,-2.046875,0.23913574,-1,10.861567
283820,1651601169,934,50.92816,-0.4111328,2.5952148,1,13.682069,-0.15402222,2.8271484,-1,9.145044
283820,1659291134,938,27.767988,0.736084,1.6313477,-1,14.19555,0.57092285,1.1828613,1,9.420359
283820,1659184097,938,21.106272,0.42913818,-2.2578125,1,19.505997,0.43688965,-2.791504,-1,10.701904
283820,1394076270,789,24.05059,-0.9764404,-0.80200195,-1,14.741631,-0.645874,-0.38586426,1,9.980609
283820,1394356467,789,10.602747,-1.8989258,0.2137146,1,5.291856,-1.2331543,-0.8914795,-1,9.361533
283820,1394863917,789,28.483583,-1.704834,0.3059082,-1,18.242775,-1.3071289,0.117248535,1,10.085329
283820,1394523449,789,14.927753,0.72229004,0.35845947,1,6.88161,-0.14544678,0.8730469,-1,10.437149
283820,1396367391,790,14.445215,2.0566406,1.8239746,-1,9.434246,1.3508301,1.3225098,1,10.213349
283820,1395119291,790,29.590332,-0.5644531,0.62719727,-1,14.291277,-0.9178467,0.30377197,1,9.859734
283820,1395853681,790,25.735916,1.9626465,-0.38671875,1,16.237137,1.5771484,-0.62719727,-1,9.32319
283820,1405730627,795,75.2309,-1.7624512,0.8831787,1,27.382269,-1.5700684,0.8236084,-1,9.15321
283820,1411250410,798,41.22439,1.4221191,0.28375244,-1,16.778826,1.7724609,0.484375,1,10.65428
283820,1401620245,793,20.788797,2.2983398,-0.4423828,-1,19.740877,1.8427734,-0.46624756,1,9.321304
283820,1400703670,793,22.345425,2.0161133,1.4277344,1,7.470082,2.2114258,0.71655273,-1,9.344116
283820,1400843586,793,37.27064,0.64990234,0.5284424,1,19.909372,1.0361328,0.44152832,-1,10.847915
283820,1408068959,797,109.42656,1.2692871,-1.2578125,1,10.257394,1.0563965,-1.4916992,-1,10.590938
283820,1409323803,797,25.325283,0.07766724,3.0,-1,20.283693,0.27752686,2.6118164,1,9.850208
283820,1442824116,816,30.907053,-0.7244873,3.0517578,1,16.108437,-1.1745605,3.1069336,-1,10.201893
283820,1468179786,830,23.33369,2.022461,-1.5571289,-1,19.334719,1.6149902,-1.7553711,1,9.675597
283820,1468645367,830,26.859253,1.0939941,-1.2258301,-1,17.15096,1.267334,-0.8284912,1,9.254908
283820,1470108547,831,30.846807,-2.0161133,-0.010778427,-1,9.63613,-2.0888672,-0.647583,1,10.866915
283820,1469887729,831,35.83145,-1.3103027,1.2319336,1,20.818512,-0.9700928,1.232666,-1,9.336693
283820,1470825808,831,19.99144,0.7392578,-2.355957,1,14.7108135,0.82421875,-2.8813477,-1,9.0251045
283820,1470803189,831,27.25388,1.6247559,-0.94885254,1,13.38219,1.7329102,-1.4619141,-1,9.908862
283820,1471755185,832,59.715687,-2.3730469,1.1398926,-1,34.852627,-2.1533203,1.1135254,1,10.1149645
283820,1473062554,832,23.20882,-0.6480713,-0.83081055,-1,17.469852,-1.1345215,-0.6821289,1,10.334292
283820,1473593554,833,18.04384,1.748291,2.4560547,1,16.884853,2.0805664,2.006836,-1,9.715986
283820,1475010020,833,35.405556,-0.039276123,-0.18792725,1,11.632633,0.20159912,-0.5819092,-1,9.33379
283820,1477748841,835,52.555782,0.29241943,-2.2958984,-1,41.520264,0.10235596,-2.3706055,1,9.551925
283820,1478770243,836,66.33808,0.21817017,-2.3691406,1,31.131298,0.21121216,-2.166504,-1,9.198336
283820,1479886822,836,22.040112,0.95251465,-1.8637695,-1,18.795593,0.5085449,-1.7766113,1,9.281645
283820,1478939916,836,20.159658,-0.73217773,2.8920898,-1,18.448668,-0.41522217,-3.0351562,1,9.181559
283820,1482035477,837,28.472393,1.1477051,0.31951904,1,15.442755,1.348877,-0.15982056,-1,10.814848
283820,1481147842,837,38.2372,-0.6464844,2.609375,1,17.580013,-0.79382324,2.9643555,-1,9.921715
283820,1481631326,837,64.745316,-1.3706055,-2.4873047,-1,6.5928316,-1.7224121,-2.8417969,1,10.317707
283820,1481207252,837,23.433207,-1.0844727,-2.7939453,-1,20.003103,-0.90283203,-2.3427734,1,10.455309
283820,1481047967,837,48.088177,-0.3788452,-0.82092285,1,36.818573,-0.2932129,-1.0683594,-1,10.992673
283830,853141222,487,14.18,1.3916016,3.020996,-1,6.024042,1.9123535,2.0722656,1,9.745917
283830,853204697,487,40.67754,2.0253906,-2.0576172,-1,13.80924,2.102539,-1.6459961,1,9.858768
283830,852942741,487,20.76081,2.1987305,-0.21917725,-1,17.38448,1.734375,-0.047843933,1,9.476637
283830,853191199,487,24.63365,-0.8913574,0.012020111,-1,8.664068,-1.395752,0.51953125,1,10.452798
283830,883600839,502,38.593037,1.1682129,-1.0449219,-1,19.156572,1.5161133,-0.8980713,1,10.310416
283830,884077177,502,17.005152,0.16262817,2.6240234,1,16.589447,-0.11250305,2.1323242,-1,9.398447
283830,884276447,502,35.784405,0.6759033,1.4863281,-1,31.003416,0.9412842,1.3408203,1,10.101608
283830,884285263,502,23.311377,-1.2849121,-1.7009277,-1,16.94977,-1.4157715,-2.1899414,1,9.969729
283830,883473785,502,24.567661,0.9686279,1.0617676,1,11.399069,0.61169434,1.5026855,-1,9.467113
283830,885167339,502,20.520468,0.6472168,1.8459473,-1,14.977513,0.29956055,1.4248047,1,9.551637
283830,886416902,503,17.365784,1.9772949,0.35961914,1,11.647583,1.3544922,0.65075684,-1,9.901985
283830,886151476,503,27.294191,0.5566406,2.9838867,-1,16.310616,0.9658203,-2.9863281,1,10.901112
283830,887785923,504,15.699656,-0.9902344,-2.1220703,1,12.695139,-0.9522705,-2.7817383,-1,9.160722
283830,888371931,504,27.521572,-1.0654297,1.8735352,-1,16.266663,-1.0834961,2.3364258,1,9.714428
283830,908312161,513,37.26003,2.055664,0.095184326,-1,25.17889,2.3652344,-0.04524231,1,10.445543
283830,908173905,513,27.060335,1.6501465,-0.6452637,1,14.844662,1.8161621,-1.081543,-1,9.292817
283830,907928734,513,21.763895,-1.2341309,-3.0327148,1,13.619391,-0.6732178,3.0214844,-1,10.5453005
283830,909991670,514,20.448503,0.9991455,-2.3242188,-1,15.432137,0.40899658,-2.2773438,1,10.668809
283830,910343263,514,17.252918,-1.7741699,0.9863281,1,16.243477,-2.1938477,0.6016846,-1,9.541746
283830,913190171,516,62.168728,0.77368164,0.72998047,-1,35.5759,0.7816162,0.52856445,1,9.463747
283830,913398522,516,64.969406,2.333496,-0.05859375,1,17.253048,2.0385742,0.042526245,-1,10.472434
283830,941612326,529,67.829124,-2.239746,2.1396484,1,9.103187,-1.8676758,2.2641602,-1,9.80075
283830,941168521,529,35.73048,0.2652588,-0.10470581,-1,32.737137,0.099609375,-0.31225586,1,9.076229
283830,940481386,529,30.770838,2.409668,-0.52612305,1,18.102734,2.0507812,-0.27227783,-1,10.402824
283830,941591784,529,17.191778,-2.1049805,1.9140625,1,10.464321,-1.4279785,2.3271484,-1,10.76643
283830,941056436,529,25.999247,2.0473633,-0.8145752,-1,22.457645,2.4072266,-0.62609863,1,9.854805
283830,941806736,529,18.496904,-1.6682129,-0.76660156,-1,12.68365,-1.5842285,-1.3581543,1,9.021486
283830,941069773,529,10.572378,-1.3459473,-1.2602539,-1,10.429185,-2.2836914,-1.197998,1,10.232502
283830,944242602,531,24.585045,0.3092041,-2.4726562,-1,14.849756,-0.20355225,-2.7226562,1,10.991235
283830,944483245,531,23.096312,1.9765625,-2.7558594,1,22.109192,1.9709473,-2.3295898,-1,9.560253
283830,854489643,488,20.409475,1.8520508,3.1049805,-1,18.98156,1.7299805,2.6132812,1,9.877621
283830,855194332,488,16.859007,0.22332764,1.5866699,1,14.141137,-0.2802124,2.0229492,-1,10.315009
283830,1116485292,615,20.11528,-0.85498047,2.5043945,1,16.42329,-0.6459961,2.0375977,-1,9.2286625
283830,1117256010,615,24.703068,1.7502441,-2.440918,1,16.126886,1.2111816,-2.4760742,-1,10.91274
283830,1116759449,615,42.70685,0.6212158,-2.7382812,-1,34.92663,0.876709,-2.7607422,1,9.93229
283830,1155954213,635,64.165306,-2.4135742,-1.3632812,-1,42.631912,-2.2910156,-1.2075195,1,10.357666
283830,1156188524,635,18.443424,1.0266113,-1.1369629,1,13.172881,0.44622803,-0.95214844,-1,9.614334
283830,1159147946,636,31.953363,-2.2348633,-3.0214844,-1,10.156776,-1.9294434,2.800293,1,9.919402
283830,1158492661,636,16.172318,1.142334,1.340332,-1,12.088092,0.5,1.0883789,1,9.788492
283865,26624326,21,37.57281,-0.020866394,1.8439941,1,33.07059,0.16079712,2.0361328,-1,9.319262
283865,27526583,21,58.028862,0.98498535,-0.14031982,-1,16.308067,0.74645996,-0.34094238,1,9.594717
283865,108149150,64,54.459244,-1.4645996,2.6206055,-1,30.12816,-1.3398438,2.4106445,1,9.880932
283865,107785626,64,160.8048,2.1142578,-0.092285156,-1,6.170431,1.8205566,-0.037117004,1,9.447222
283865,107596042,64,40.57573,-1.317627,-0.07980347,1,36.46894,-1.546875,0.052734375,-1,10.201103
283865,108950502,64,45.97459,-0.7998047,-2.4453125,-1,14.327049,-1.079834,-2.6611328,1,9.085692
283865,1219104663,696,32.02173,0.4981079,2.2944336,-1,12.581113,0.48687744,2.8095703,1,10.228159
283865,1219916728,696,5.645435,1.3562012,2.1621094,1,7.1254253,1.4650879,-2.0585938,-1,10.904692
283865,1220337121,696,38.83429,1.1599121,2.2304688,-1,25.821085,1.3747559,2.0039062,1,9.884983
283865,1220439320,696,33.136753,-0.63049316,1.5019531,-1,17.217085,-0.8330078,1.1638184,1,9.385554
283865,1221560530,697,21.802027,-0.16445923,-0.262146,-1,12.735052,0.3552246,0.13024902,1,10.903827
283865,1221747331,697,45.883904,1.5666504,-0.7426758,1,30.923788,1.732666,-0.9342041,-1,9.544714
283865,1221534087,697,21.56157,1.3979492,1.1091309,-1,12.846856,0.77490234,1.0578613,1,10.57255
283876,44093260,74,28.991953,-0.58825684,-1.5639648,1,14.870238,-0.3885498,-1.9978027,-1,9.855437
283876,44115748,74,17.684364,2.2324219,1.6557617,1,9.664359,2.1362305,0.864624,-1,10.153413
283876,515079598,353,24.513855,-1.918457,-0.0063285828,-1,20.361912,-1.7478027,0.42401123,1,10.275597
283876,528541562,362,23.984808,-0.41455078,0.84375,1,12.66713,-0.41497803,0.21496582,-1,10.780311
283884,705512598,612,24.891424,-0.19390869,-2.7773438,-1,20.604982,0.16363525,-2.5859375,1,9.219624
283884,775198127,650,13.311216,0.9211426,0.26843262,-1,5.4580007,-0.12890625,0.7229004,1,10.123867
283884,809730723,669,42.613373,1.1516113,-0.9855957,-1,12.725772,1.434082,-1.2563477,1,9.114184
283884,809389548,669,23.224401,0.78881836,0.5755615,-1,13.883338,0.9752197,1.125,1,10.302789
283884,809793886,669,40.914963,1.0925293,2.6210938,-1,39.03598,0.85913086,2.7041016,1,9.919451
283884,809090751,669,27.965265,1.0715332,-0.15264893,-1,7.4298024,0.5826416,-0.64953613,1,10.04549
283933,41613461,93,47.35013,-0.43798828,2.3745117,-1,16.802414,-0.115371704,2.1987305,1,10.394584
283933,41970825,93,24.850906,0.085235596,-0.57421875,1,19.092722,-0.016700745,-0.11424255,-1,10.176686
283933,40625465,93,36.463375,1.3979492,-0.9458008,1,12.707345,1.8999023,-0.8922119,-1,10.979384
283933,42244024,93,48.72678,0.47454834,1.4970703,1,33.121338,0.23880005,1.4160156,-1,10.035387
283933,61520747,104,32.15447,-1.5471191,2.652832,1,6.5843306,-2.0507812,3.1230469,-1,10.040105
283933,63037546,104,41.620285,0.2902832,-0.90771484,1,7.011053,0.15628052,-1.5063477,-1,10.33115
283933,61832551,104,19.735903,0.87145996,1.2824707,1,5.8559294,0.24182129,0.47375488,-1,10.904484
283934,5599577,4,37.92206,2.290039,0.8273926,1,8.830341,2.178711,0.29852295,-1,9.7814
283934,4883987,4,41.248127,1.9709473,-0.3328247,-1,26.527332,1.7016602,-0.42956543,1,9.489509
283934,4409010,4,33.71033,0.39111328,-0.091659546,1,5.1525936,1.1047363,-0.08370972,-1,9.606516
283934,5253723,4,29.477627,1.2558594,-1.8762207,-1,11.109163,1.300293,-1.3554688,1,9.352186
283934,79014005,47,27.445059,0.87475586,3.008789,1,23.32214,0.48205566,2.96875,-1,10.050349
283934,79283578,47,23.685642,1.032959,-1.2229004,-1,17.548513,0.70373535,-1.5488281,1,9.445878
283934,79591355,47,41.431007,2.3481445,-0.10144043,-1,7.3942127,1.9997559,0.40179443,1,10.655471
283946,245591606,220,35.815487,1.0942383,-0.34802246,-1,16.116035,1.3979492,-0.60632324,1,9.588964
283946,245604924,220,35.867928,-1.255127,0.20336914,-1,11.363713,-1.0314941,0.6296387,1,9.665171
283946,339707112,276,29.366312,1.3151855,3.0327148,-1,19.307026,1.7119141,3.0419922,1,9.511301
283946,838183353,576,29.699627,-1.7363281,-2.1362305,-1,5.1392593,-1.5734863,-1.2692871,1,10.57188
283946,838042128,576,39.920643,0.63708496,1.0935059,-1,29.761108,0.4055786,0.9053955,1,10.289747
283946,837313159,576,25.525936,-0.98461914,-1.4365234,-1,25.497288,-1.3461914,-1.5068359,1,9.446498
283964,486998645,299,17.41186,-0.4691162,0.13983154,1,15.586008,-0.21963501,-0.38397217,-1,9.4737
283964,542812806,336,38.216457,-0.59436035,-1.2971191,1,8.739874,-0.05190277,-1.1191406,-1,10.548507
283964,542509280,336,21.47007,-0.75305176,-0.009975433,-1,12.205243,-0.9223633,-0.5908203,1,9.668593
283964,542146305,336,17.022844,1.5371094,-0.89624023,1,16.552567,1.0661621,-1.2729492,-1,10.157452
283964,542010346,336,20.96002,-1.9663086,1.1945801,1,16.068096,-1.4365234,1.072998,-1,10.086103
283964,579561908,361,43.496082,-1.0952148,-1.347168,-1,21.901482,-1.25,-1.6154785,1,9.5413885
283964,579912405,361,50.894806,-1.4177246,-0.8894043,1,9.342679,-1.6640625,-1.2658691,-1,9.777406
283964,579696820,361,17.121902,1.204834,0.10269165,1,16.341177,0.8475342,-0.37579346,-1,9.94715
283964,591453894,369,31.511047,1.0322266,0.31915283,-1,19.861576,1.1582031,0.720459,1,10.459137
283964,592942468,370,46.399128,2.3535156,0.56311035,-1,33.0676,2.2666016,0.3460083,1,9.143816
283964,593546935,370,20.660145,0.009750366,-2.6230469,-1,12.2860565,0.5852051,-2.6445312,1,9.301522
283964,593252280,370,27.07761,0.2194519,0.6555176,1,12.058216,-0.33148193,0.66259766,-1,10.082291
283964,607669540,379,19.441278,1.0246582,1.0075684,-1,19.404966,0.7381592,0.64001465,1,9.031736
284006,201151892,184,34.77487,2.331543,-0.16342163,-1,13.7803545,2.1938477,-0.59277344,1,9.803539
284006,202205118,184,25.296711,-1.1855469,0.37652588,1,13.929924,-1.7070312,0.53027344,-1,10.311766
284006,202272268,184,43.76962,1.0349121,-0.34625244,1,8.905562,0.9708252,0.11882019,-1,9.187101
284006,510139272,356,26.263845,1.1669922,-1.4763184,1,21.909067,0.8474121,-1.7844238,-1,10.651851
284006,511456334,356,48.851597,-0.27026367,-0.34655762,1,7.3838234,0.2952881,-0.37005615,-1,10.894088
284014,283223898,162,20.005781,1.7145996,-3.112793,-1,6.9499745,2.2128906,2.5185547,1,9.605017
284014,281843748,162,29.24648,1.954834,0.08039856,-1,21.120398,1.6213379,-0.16830444,1,10.360589
284014,318573642,183,26.670218,-0.88464355,2.024414,1,18.812233,-1.1911621,1.6604004,-1,10.642311
284014,319150114,183,21.429026,-0.6911621,1.7980957,-1,19.753288,-0.42456055,2.2138672,1,10.118801
284025,43414556,133,29.286871,0.5695801,0.60461426,-1,15.695038,0.10218811,0.7540283,1,10.606567
284025,42062408,133,47.725975,-0.49371338,-1.2558594,-1,28.872107,-0.2446289,-1.1574707,1,9.963091
284036,74162735,42,33.00208,0.7994385,0.107788086,-1,16.214846,0.87390137,-0.3501587,1,10.641646
284036,74784803,42,85.614334,2.152832,2.724121,-1,7.616813,2.1069336,3.119629,1,10.104145
284041,21606760,14,30.056627,0.31402588,-1.6203613,-1,12.2458515,0.5736084,-1.1503906,1,10.234852
284041,20859262,14,12.457576,-2.3012695,-0.520874,1,7.086318,-2.0498047,-1.7033691,-1,10.738889
284041,20931752,14,33.282547,-0.7233887,-2.7695312,-1,13.294944,-0.8779297,3.1015625,1,9.201879
284041,62839876,38,24.034315,-2.0385742,-0.037643433,-1,14.998788,-1.8342285,-0.5029297,1,9.57852
284041,61765514,38,24.604004,0.2705078,0.40673828,-1,10.935657,0.7294922,0.81359863,1,10.080293
284041,61963483,38,20.659592,0.32147217,-2.2851562,1,18.727896,-0.15762329,-2.2734375,-1,9.517023
284042,7851041,6,16.863335,-0.6031494,-2.6875,1,12.678894,-0.899292,3.040039,-1,9.122464
284042,88404740,55,29.558632,-0.7060547,-3.0927734,1,14.465544,-0.5050049,2.75,-1,9.947052
284042,87153928,55,20.256489,0.53808594,-2.2382812,-1,12.590313,0.56018066,-2.9038086,1,10.439254
284042,160810330,99,19.25764,-2.3574219,2.9082031,1,18.658762,-1.9614258,2.5708008,-1,9.8792515
284042,160329184,99,35.488335,1.154541,-1.3198242,1,11.94724,0.680542,-1.2478027,-1,9.962674
284042,183003145,113,18.152037,-0.03579712,-2.2573242,1,15.085679,-0.35791016,-2.790039,-1,10.224924
281797,1909822258,1161,29.644238,0.42767334,0.23553467,1,10.935676,0.67785645,0.6795654,-1,9.12524
281797,1911823693,1162,25.100725,-2.0654297,-1.1386719,1,5.1464033,-2.4204102,-1.9880371,-1,10.206463
281797,1918893251,1166,26.662058,1.6240234,-3.0024414,1,16.93152,1.3449707,-2.645996,-1,9.598737
281797,1927162089,1171,21.470213,0.7055664,-1.0095215,1,17.984915,0.9875488,-0.592041,-1,9.860848
281797,1927866111,1171,30.009449,-2.2480469,-3.0737305,1,15.091241,-1.956543,2.8408203,-1,9.980059
281797,1966134093,1193,125.09993,-2.1083984,-3.1132812,1,39.656834,-2.2148438,-3.005371,-1,10.675614
281797,1999214913,1212,18.510801,0.22366333,-0.24609375,1,17.941515,0.7130127,-0.40301514,-1,9.449334
281797,1999682212,1212,15.814648,1.3950195,3.0541992,1,14.845802,1.1787109,2.4458008,-1,9.761312
281797,2000025021,1212,19.30474,1.864502,2.727539,-1,18.427622,1.5993652,-3.0795898,1,10.211054
281797,1999666359,1212,15.010833,0.8790283,-2.619629,-1,6.4527397,0.56970215,-1.5998535,1,10.081643
281797,1999027556,1212,8.468802,0.7858887,-0.76000977,1,5.913693,0.7286377,-2.5097656,-1,10.870037
281797,1998801460,1212,19.083899,1.7739258,0.348938,-1,18.167894,2.0048828,0.7885742,1,9.1933975
281797,1999858698,1212,17.2991,2.1489258,0.32434082,-1,12.531271,1.6398926,-0.067352295,1,9.499075
281797,2004976958,1215,17.939093,1.7365723,-2.4765625,1,13.5105715,2.1972656,-2.8637695,-1,9.3938875
281797,2005513604,1215,20.652363,-0.9099121,-0.5574951,1,20.800812,-1.3735352,-0.71813965,-1,10.250238
281797,2006750542,1215,16.5215,0.010084152,-3.1088867,1,14.429477,-0.30743408,-2.5874023,-1,9.360141
281797,2006449304,1215,14.614238,-0.117507935,-3.0981445,-1,5.406307,0.2234497,-1.8581543,1,10.768809
281797,2039740741,1232,18.570208,0.64697266,1.1340332,1,11.094797,1.171875,1.5512695,-1,9.666036
281797,2039102666,1232,19.672188,-1.4299316,1.7780762,1,17.474564,-1.9282227,1.6591797,-1,9.591103
281797,2039071247,1232,36.48646,-2.400879,-0.0054807663,-1,12.562382,-2.135254,-0.41052246,1,10.329342
281797,2046448395,1236,39.854218,0.84973145,0.6982422,1,14.875698,0.8432617,1.121582,-1,10.232264
281797,2047127451,1236,37.865532,1.5195312,-2.352539,1,10.765277,1.939209,-2.5766602,-1,9.656503
281797,2047407366,1236,20.195044,-2.2211914,2.4257812,-1,8.83957,-1.7568359,1.8728027,1,9.612513
281797,1912310462,1163,32.99024,0.6937256,-2.8486328,1,14.375084,0.9350586,-2.4902344,-1,9.381976
281797,1915781851,1164,22.26567,1.0761719,1.6257324,1,8.729289,1.7172852,1.8974609,-1,9.845027
281797,1914370256,1164,17.506248,-2.0795898,1.385498,-1,9.704708,-1.394043,1.2241211,1,9.350594
281797,1915161564,1164,44.848114,-1.7775879,-1.019043,1,22.799225,-2.0913086,-0.9165039,-1,10.592598
281797,1952362595,1185,80.00268,0.98864746,2.1240234,-1,24.108957,1.1950684,2.21875,1,9.988372
281797,1952119130,1185,30.204178,2.1767578,1.7043457,-1,15.942375,1.9797363,1.2553711,1,10.686769
281797,1951180669,1185,50.6788,-0.21096802,2.727539,-1,15.250381,-0.07020569,2.4067383,1,9.705578
281797,1957190328,1188,31.878231,-0.30926514,2.895996,-1,17.572262,0.06951904,-3.1264648,1,10.91794
281797,1957352021,1188,27.731188,-0.6356201,-0.66308594,-1,15.140047,-1.1005859,-0.7821045,1,9.917481
281797,1957808812,1188,42.857788,0.09364319,-3.0634766,1,14.418048,-0.050468445,-2.708496,-1,9.481929
281797,1959097163,1189,54.14396,2.0878906,-3.112793,-1,5.6054044,2.2495117,2.567871,1,10.717429
281797,2076983741,1251,54.543755,0.16345215,-2.1904297,-1,29.340246,0.09068298,-2.4248047,1,9.797161
281797,2077455515,1251,18.73702,1.0036621,0.16888428,-1,17.75109,1.0344238,-0.35064697,1,9.385463
281797,2655709885,1562,14.650955,2.1762695,0.517334,-1,8.869477,1.5405273,1.0605469,1,9.577296
281797,2654559958,1562,18.026379,-1.2189941,2.7353516,-1,14.8548155,-0.76000977,3.1010742,1,9.634748
281797,2656103087,1563,19.3836,-0.27337646,-0.89611816,-1,17.244375,0.20214844,-1.1889648,1,10.27035
281797,2656877645,1563,31.555023,1.9990234,1.9121094,1,31.699158,1.8115234,2.2001953,-1,10.849107
281797,2656140649,1563,20.419744,0.33502197,-1.001709,-1,12.537198,0.14984131,-1.6369629,1,10.425301
281797,2656071666,1563,15.146112,0.30718994,1.9650879,-1,13.51329,-0.3081665,2.161621,1,9.37334
281797,2656361286,1563,22.914536,1.3181152,-0.58703613,1,14.058945,1.8637695,-0.7252197,-1,10.220709
281797,2661872671,1566,19.161287,-0.29718018,1.1594238,1,14.5029,0.23291016,1.3706055,-1,9.606269
281797,2661574355,1566,31.091301,0.18566895,3.0917969,1,24.599329,0.46618652,-3.0,-1,9.408002
281797,2661890465,1566,41.434807,-1.7600098,-1.6174316,-1,32.125248,-1.8422852,-1.3771973,1,9.245564
281797,2570410123,1514,24.683327,-0.46240234,-1.8952637,1,14.027828,-0.45306396,-1.3613281,-1,9.819346
281797,2571613193,1514,28.20719,-0.09222412,0.60668945,-1,11.364463,0.3852539,0.40270996,1,9.368741
281797,2574694788,1516,45.663666,2.1875,0.71850586,1,37.067055,2.0351562,0.9042969,-1,9.880536
281797,2575339622,1516,24.038338,-0.1725769,-1.2729492,1,13.685707,-0.6060791,-1.6262207,-1,10.1700325
281797,2574606560,1516,49.829525,0.050750732,0.5656738,1,42.934055,0.037849426,0.3390503,-1,10.476723
281797,2578604852,1518,19.804907,0.536499,3.0444336,-1,15.501673,0.78637695,2.4848633,1,10.626258
281797,2577769221,1518,26.477392,-1.8972168,1.2106934,-1,19.275831,-1.6730957,1.6437988,1,10.954273
281797,2578973995,1518,42.190575,-0.33728027,-2.7983398,1,16.694403,0.065979004,-2.762207,-1,10.817523
281797,2586879601,1523,18.95862,-0.9265137,2.3691406,-1,17.112598,-1.2907715,2.8535156,1,10.870408
281797,2587844816,1523,39.45187,-1.8630371,2.413086,-1,16.917868,-1.71875,2.7685547,1,9.867778
281797,2587173128,1523,31.733673,0.8795166,2.1831055,1,13.61875,0.44677734,2.2021484,-1,9.075139
281797,2588220013,1524,24.555695,-1.6564941,1.1848145,1,15.508814,-2.0205078,0.8890381,-1,9.170318
281797,2589341769,1524,44.9568,2.1166992,1.5629883,1,5.89541,1.7868652,2.0854492,-1,9.991207
281797,2589370127,1524,23.371357,-1.6867676,-1.1008301,1,15.791625,-1.9333496,-1.5209961,-1,9.314282
281797,2588820734,1524,23.148127,-0.3359375,0.009433746,1,8.337469,-0.82836914,-0.4220581,-1,9.117653
281797,2596345849,1528,34.52886,0.6999512,-0.5079346,-1,14.44392,0.47521973,-0.14712524,1,9.461514
281797,2604293240,1533,34.653584,-1.1640625,-0.31225586,-1,24.204525,-1.4101562,-0.529541,1,9.513149
281797,2605544281,1533,29.19546,-1.0012207,0.10101318,-1,17.257751,-1.3811035,0.31134033,1,9.787588
281797,2605587115,1533,40.694748,-1.0690918,-2.0117188,1,22.356361,-1.1965332,-2.3393555,-1,10.563563
281797,2604370763,1533,24.35105,-1.1098633,3.043457,-1,17.821238,-1.4382324,2.7285156,1,9.481762
281797,2604251581,1533,24.264845,0.23562622,2.9907227,-1,11.620815,0.14633179,-2.7260742,1,9.503386
281797,2607681857,1535,13.31529,-2.4267578,0.9057617,1,8.156177,-1.5583496,1.354248,-1,10.424112
281797,2608512822,1535,42.392178,1.1674805,1.6501465,1,19.183273,0.7922363,1.6564941,-1,10.765342
281797,2607545912,1535,16.483667,-2.0600586,0.9066162,1,15.652496,-2.4467773,0.41778564,-1,9.974871
281797,2613726934,1538,25.646196,0.42016602,-2.5771484,1,18.062418,0.26690674,-2.1704102,-1,9.299803
281797,2622970672,1543,32.705242,-0.305542,1.8151855,1,17.257347,0.0029730797,2.0703125,-1,9.522947
281797,2621861268,1543,46.611755,-0.51257324,-1.9521484,-1,21.953917,-0.46740723,-2.2514648,1,9.647979
281797,2623685466,1544,24.682512,1.9133301,-1.6130371,-1,7.679012,1.6706543,-2.3583984,1,10.57031
281797,2624190601,1544,27.092323,1.6650391,2.0498047,-1,14.740797,1.6777344,1.5507812,1,9.872626
281797,2630043723,1547,28.079977,1.9348145,-0.7956543,-1,8.343326,2.3535156,-0.38153076,1,9.015937
281797,2598015385,1529,68.070625,1.666748,2.383789,1,7.403102,1.8859863,2.006836,-1,9.751402
281797,2614447033,1539,15.255344,0.13900757,-2.8789062,-1,13.748373,-0.4406128,-2.5356445,1,9.845257
281797,2615894633,1539,20.399984,1.2202148,-1.8378906,1,11.3173895,1.3193359,-2.5024414,-1,10.026649
281797,2615851444,1539,33.10899,0.4249878,-2.7543945,1,20.552553,0.8175049,-2.8447266,-1,10.570841
281797,2615510109,1539,23.16552,1.7556152,-2.9472656,-1,19.238945,1.6086426,2.855957,1,10.504929
281797,2616041547,1539,11.667219,0.6298828,2.1987305,1,8.659968,-0.0357666,2.9228516,-1,9.856513
281976,1692884847,956,45.560658,-0.3274536,0.084472656,-1,13.563665,-0.2112732,-0.27752686,1,9.404861
281976,1693303771,956,32.21993,1.1018066,0.21228027,-1,18.113106,0.67785645,0.2756958,1,10.431698
281976,1693956537,956,20.35483,0.97473145,0.30029297,-1,14.129041,0.44110107,0.18447876,1,9.365398
281976,1692761458,956,41.52223,2.444336,1.4460449,-1,8.179941,2.0112305,1.0371094,1,10.988986
281976,1790339418,1014,32.79178,-0.17550659,1.1396484,-1,19.6159,0.12927246,0.9112549,1,9.675862
281976,3322915210,1885,33.557972,1.7109375,-2.0625,-1,24.110834,1.8662109,-1.732666,1,10.333502
281976,3323039566,1885,19.049768,0.58361816,1.651123,1,14.211509,0.025363922,1.9282227,-1,10.355662
281976,3326089057,1887,23.789816,-0.7423096,-2.2519531,1,18.750801,-1.0605469,-1.9240723,-1,9.648194
281976,3326727876,1887,27.651688,-1.0439453,0.3456421,1,17.793922,-1.0068359,0.779541,-1,9.584763
281976,3327006161,1887,18.465075,0.43304443,0.1625061,1,14.270269,-0.06312561,0.49176025,-1,9.722159
281976,3326134346,1887,28.577785,-1.043457,-0.52783203,1,28.16398,-1.2922363,-0.32281494,-1,9.153103
281976,3327263031,1887,16.579762,0.04588318,-1.5566406,1,11.977968,-0.6142578,-1.6166992,-1,9.5104475
281976,3325846161,1887,111.31321,0.5605469,2.8676758,-1,67.14088,0.46905518,2.9379883,1,9.977122
281976,3326987619,1887,31.662218,-0.05756378,-1.1530762,-1,11.531537,-0.41345215,-1.4658203,1,9.063989
281976,1161275612,659,23.349009,0.69677734,1.8356934,1,12.63121,0.3986206,2.296875,-1,9.382776
281976,1160637301,659,72.99098,1.7678223,1.4726562,-1,41.826447,1.9309082,1.4140625,1,9.582699
281976,1161142442,659,36.582832,-1.1611328,-2.9873047,-1,26.334023,-0.8531494,-2.958496,1,9.638637
281976,1180285144,670,26.934538,1.3701172,2.5512695,-1,23.988764,1.064209,2.7583008,1,9.409208
281976,1179646085,670,70.38982,0.4487915,0.21466064,1,33.226665,0.66186523,0.1979065,-1,10.355922
281976,1180887575,670,25.18306,1.1340332,0.01846695,1,11.738368,0.94018555,-0.49121094,-1,9.289046
281976,1180254896,670,18.690018,-2.0639648,-0.7125244,1,15.667277,-2.2060547,-0.18283081,-1,9.283407
281976,1408715350,795,21.423532,-1.9265137,-0.0031113625,1,17.802946,-1.4677734,-0.03767395,-1,9.062984
281976,1408076750,795,39.495987,1.7099609,-2.5112305,1,30.659348,1.9645996,-2.3603516,-1,10.316855
281976,1636039759,922,22.669367,2.315918,-0.37799072,-1,20.37012,1.8806152,-0.4331665,1,9.502261
281976,1669296137,942,27.879496,-0.059631348,3.0024414,1,19.283482,-0.4385376,2.7954102,-1,10.0535555
281976,1672906062,944,71.16067,-1.6647949,0.5480957,-1,8.323405,-2.005371,0.7576904,1,9.761612
281976,1673280913,944,17.685627,-1.7553711,-2.9555664,-1,13.397206,-2.192871,2.8579102,1,9.869213
281976,1675745254,945,16.819397,0.2779541,2.559082,1,14.851143,0.7741699,2.1704102,-1,10.001977
281976,1675288141,945,24.186651,1.2536621,1.8222656,-1,5.4175887,1.9975586,1.4453125,1,9.711689
281976,1678804751,947,21.436003,0.8508301,0.3668213,1,14.747651,0.94384766,-0.20907593,-1,10.2332535
281976,1681651063,949,19.57226,2.1416016,-0.67456055,1,15.6510105,2.4189453,-0.23294067,-1,9.081984
281976,1682034417,949,17.940514,-1.0317383,0.40734863,1,17.744125,-1.3930664,0.8170166,-1,9.731353
281976,1681992960,949,36.17294,2.0327148,-2.1635742,-1,18.69492,2.3774414,-2.1870117,1,9.030331
281976,1681515279,949,23.13748,-1.1083984,0.28649902,-1,16.139782,-1.6206055,0.33770752,1,10.055583
281976,1680993401,949,18.74054,-1.1213379,-0.40270996,-1,12.756307,-0.77197266,-0.9465332,1,9.922294
281976,1706801578,964,31.885859,-0.8712158,-0.4418335,-1,13.789562,-1.284668,-0.20187378,1,10.071594
281976,1707768668,964,24.246778,0.36590576,-2.0185547,1,14.093965,0.25170898,-2.5395508,-1,9.7540245
281976,1707577224,964,18.235195,-2.0566406,0.87939453,1,17.849571,-2.1875,0.34527588,-1,9.810609
281976,1707815513,964,34.898808,-0.17288208,-2.7885742,1,19.311186,-0.53222656,-2.8500977,-1,9.513906
281976,1707004501,964,119.612854,-1.973877,0.2204895,-1,14.962171,-2.1445312,0.08061218,1,9.340771
281976,1719567655,971,18.00919,0.6954346,2.0444336,1,16.667265,0.36010742,2.4570312,-1,9.189526
281976,1719048111,971,20.682543,0.15716553,0.09259033,1,15.606615,0.003543377,0.5946045,-1,9.342698
281976,1190379782,676,18.928736,-0.2659912,2.1552734,1,15.664956,0.22000122,1.9179688,-1,9.383128
281976,1190756607,676,146.75935,1.1325684,-0.59020996,1,52.363865,1.1906738,-0.5036621,-1,9.136551
281976,1192277384,677,19.626297,-0.71777344,-1.0739746,1,18.697412,-0.7030029,-1.6157227,-1,10.255275
281976,1193178981,677,40.263794,-0.7260742,0.6903076,1,14.506718,-1.1081543,0.7969971,-1,9.641271
281976,1369763952,774,25.376925,0.06655884,0.9041748,-1,18.552454,-0.3798828,0.8195801,1,9.938391
281976,2333818340,1303,30.079712,0.021785736,2.5166016,1,18.336184,0.36901855,2.753418,-1,9.897374
281976,2334072590,1303,30.94385,-1.036377,-1.9150391,-1,21.498283,-0.7180176,-2.1069336,1,9.61335
281976,2333798507,1303,29.372461,2.290039,3.0395508,1,29.474388,2.2851562,-2.9243164,-1,9.355814
281976,2337628593,1305,35.373325,-1.192627,-1.3967285,1,18.501242,-0.9001465,-1.684082,-1,10.490648
281976,3458710412,1973,17.952145,-0.26971436,1.1430664,1,10.867132,-0.3133545,0.45269775,-1,9.47194
281976,3480166626,1987,20.527939,-1.4521484,2.8378906,-1,14.609302,-1.7631836,-2.9975586,1,9.400564
281976,3480938993,1987,19.798254,0.9616699,2.3261719,-1,12.789425,1.4680176,2.5732422,1,9.038668
281976,3480998307,1987,19.520727,-1.7414551,-1.5063477,1,13.777786,-2.1381836,-1.8959961,-1,9.121896
281976,3480908411,1987,50.04139,-0.46502686,-2.6069336,-1,13.217675,-0.4064331,-2.2373047,1,9.57161
281976,3516149736,2010,20.227535,-0.67785645,2.7216797,-1,15.199533,-0.5936279,2.1572266,1,9.877447
281976,3519673034,2013,26.99559,-0.7651367,0.08338928,1,15.231225,-0.49871826,-0.29736328,-1,9.39416
281976,3522948781,2015,30.851067,0.364563,1.2841797,-1,24.47934,0.033935547,1.2019043,1,9.403161
281976,3522812116,2015,42.575367,-2.0454102,2.5898438,-1,16.373457,-1.7912598,2.8828125,1,10.231309
281976,3551544356,2034,73.995926,0.7824707,-2.4506836,-1,13.173147,0.58618164,-2.6987305,1,9.866442
281976,3552921899,2035,19.19465,-0.9061279,-0.6401367,-1,18.118143,-1.0129395,-0.14868164,1,9.289309
281976,3557070568,2038,21.703123,-0.92333984,-2.989746,-1,17.674652,-0.56677246,-2.584961,1,10.549305
281976,3565245031,2043,18.007412,0.942749,-0.77905273,-1,11.570383,1.590332,-0.4897461,1,10.382152
281976,3570018770,2047,27.381096,0.73791504,-2.041504,-1,16.391048,0.8931885,-2.458496,1,9.367914
281976,3579975697,2053,18.026428,0.79797363,-2.137207,-1,16.389631,1.3273926,-1.9892578,1,9.550723
281976,3580836716,2054,24.823061,-0.0013744831,0.31115723,1,19.653263,-0.3348999,-0.014633179,-1,10.300354
281976,3581056913,2054,22.960482,1.048584,1.3752441,1,14.803938,1.3459473,1.8112793,-1,9.689441
281976,3585525160,2057,26.914696,2.0771484,-0.51708984,-1,19.585148,1.6525879,-0.64208984,1,10.231214
281976,3585098237,2057,45.027763,0.35058594,-2.9736328,-1,33.8865,0.4154663,-2.7451172,1,9.260551
281976,3591058079,2061,24.185051,-0.053512573,-1.6416016,1,22.91379,-0.47753906,-1.621582,-1,10.067909
281976,3590981024,2061,66.77663,1.2270508,-1.3562012,1,35.615723,1.4289551,-1.2568359,-1,10.988097
281976,3595488733,2064,10.901716,1.1662598,0.43988037,1,9.608013,1.7612305,1.3435059,-1,10.865039
281976,3600642892,2067,31.847496,-0.60375977,2.5893555,-1,12.011645,-0.2217102,2.1923828,1,10.771055
281976,3600952694,2067,12.176993,1.201416,-3.1279297,1,5.9206343,1.5776367,1.9819336,-1,9.934865
281976,3603794192,2069,20.501127,-0.8314209,-1.4106445,-1,14.1811695,-1.376709,-1.3256836,1,9.523947
281976,3603448213,2069,34.397583,0.4654541,2.3535156,-1,23.758558,0.5303955,2.0083008,1,9.99387
281976,3605537936,2070,41.779896,-0.69641113,-0.52697754,-1,15.449576,-0.3213501,-0.42858887,1,9.905141
281976,3604912636,2070,31.166828,0.34832764,-0.024944305,-1,16.43324,-0.10702515,0.033866882,1,10.479321
281976,3607808152,2072,48.556065,-1.9790039,0.23153687,1,12.886249,-1.5925293,0.19750977,-1,9.765212
281976,3608663056,2072,25.402107,-1.295166,0.00030761957,1,12.246923,-1.2038574,-0.6010742,-1,10.57151
281976,3607299995,2072,18.756065,0.7180176,0.33215332,1,14.641263,0.55371094,-0.2055664,-1,9.216161
281976,3608546544,2072,50.71963,1.9147949,0.74035645,1,5.503653,2.059082,0.10055542,-1,10.781748
281976,2565137093,1441,73.44666,0.5826416,-0.8919678,1,36.407074,0.76013184,-0.9012451,-1,9.202369
281976,2565529098,1441,18.42677,1.020752,2.4814453,-1,13.122502,1.2033691,1.7907715,1,10.905153
281976,3334785549,1892,34.56543,0.72058105,1.5639648,1,22.715794,0.5579834,1.871582,-1,9.722216
281976,3334550035,1892,38.07662,-1.9204102,1.4978027,1,15.881791,-1.5998535,1.2724609,-1,9.656705
281976,3334388778,1892,212.58295,-0.32696533,2.7636719,1,50.44012,-0.28900146,2.665039,-1,10.939821
281976,3343426076,1898,21.825714,-0.21697998,-2.0830078,-1,15.8488865,0.22262573,-2.4155273,1,10.287292
281976,3343516695,1898,23.68307,-2.119629,-0.44586182,1,20.947184,-2.0043945,0.03845215,-1,10.986764
281976,3344817067,1899,17.845076,-1.1271973,1.7587891,-1,12.368152,-1.7070312,1.338623,1,10.7099085
281976,3346482405,1900,32.673687,0.39904785,0.932251,-1,14.171206,0.05329895,1.232666,1,9.868125
281976,3347692045,1900,22.585283,1.0563965,-2.7700195,-1,19.579449,1.4663086,-3.0107422,1,10.042463
281976,3348686360,1901,19.074831,0.01915741,-0.409729,-1,12.608184,-0.5625,-0.12600708,1,10.144807
281976,3348149317,1901,17.969679,-0.9366455,0.7392578,1,16.102444,-1.3549805,1.2060547,-1,10.643986
281976,3370470739,1915,40.417625,-1.8781738,-1.4423828,1,23.539526,-2.1826172,-1.4067383,-1,9.489509
281976,3370535989,1915,18.133945,-0.7266846,0.036819458,-1,17.580278,-0.3710327,0.42926025,1,9.445781
281976,3370267051,1915,24.217844,-0.024932861,-2.2739258,1,15.793686,0.23120117,-1.8640137,-1,9.41299
281976,3370584588,1915,19.60111,0.5311279,2.0517578,1,14.080732,0.60375977,2.5966797,-1,9.022392
281976,3371957981,1916,20.21721,-1.6853027,-2.5644531,-1,18.812746,-1.2202148,-2.6791992,1,9.421603
281976,3371295697,1916,20.529459,0.4017334,1.5979004,1,15.933221,-0.16033936,1.5866699,-1,10.301966
281976,3379302834,1921,19.220427,-1.3430176,0.29101562,-1,12.629471,-0.7677002,0.5654297,1,10.037515
281976,3379435346,1921,19.11287,0.3734131,-1.6203613,-1,14.093238,-0.16174316,-1.760498,1,9.180622
281976,3381403794,1922,43.539066,-1.1904297,-1.0473633,1,10.658192,-0.7080078,-1.0219727,-1,10.507438
281976,3380189603,1922,21.200882,0.8043213,-0.7647705,-1,14.358734,0.27789307,-0.5551758,1,9.98262
281976,3381560151,1922,27.462654,-1.5280762,1.5444336,1,16.692068,-1.473877,1.9848633,-1,9.425541
281976,3385689920,1925,30.952297,-1.2998047,1.7355957,1,5.713943,-2.0717773,1.7666016,-1,10.53118
281976,3393147620,1930,32.03791,0.020832062,1.6184082,-1,15.674914,0.36853027,1.342041,1,9.971896
281976,3392821626,1930,40.363983,-1.6259766,0.9926758,-1,23.739035,-1.3244629,0.8922119,1,9.870747
281976,3392691863,1930,44.58748,1.0551758,2.663086,-1,18.162582,1.3400879,2.8413086,1,9.583107
281976,3424723908,1951,18.195227,-0.618042,1.5358887,-1,13.803035,-0.6119385,0.9556885,1,9.066931
281976,3426591186,1952,36.371197,-1.4689941,0.74890137,-1,15.244835,-1.2363281,0.37469482,1,10.33884
281976,3426506604,1952,13.827171,0.6234131,1.730957,-1,6.173671,-0.25146484,1.2807617,1,9.307263
281976,3427217955,1952,39.148705,0.38806152,-0.15045166,1,14.900695,0.623291,0.14624023,-1,9.132448
281976,3447511113,1965,18.17102,-0.26953125,2.4370117,1,13.668314,-0.051849365,1.8029785,-1,10.409537
281976,3453393909,1969,25.930395,-0.86279297,-3.1171875,1,21.193544,-0.4970703,-2.9448242,-1,9.519203
281976,3511445200,2007,19.142708,1.3168945,1.7492676,1,16.490196,0.75964355,1.6098633,-1,10.330063
281976,1655996022,934,31.786957,-0.45562744,1.026123,-1,19.344868,-0.07965088,1.2097168,1,10.422121
281976,1655682416,934,85.08842,1.2512207,1.6884766,-1,46.690998,1.1660156,1.5449219,1,10.515985
281976,1656353381,934,19.302511,-0.34143066,-0.100372314,-1,16.17812,0.2111206,0.12269592,1,10.642724
281976,1655904620,934,37.872826,-0.7642822,-1.7348633,1,5.205307,-1.4609375,-1.4187012,-1,10.915737
281976,1655753191,934,27.978348,-0.33984375,-2.875,1,14.79018,-0.7607422,-3.0683594,-1,9.477306
281976,1697370101,958,29.80496,2.0742188,1.338623,-1,16.873451,1.6118164,1.4008789,1,10.554916
281976,1697793607,958,86.81992,0.32073975,-2.7124023,-1,33.9863,0.44543457,-2.5913086,1,9.442569
281976,1715499100,969,21.408699,1.7070312,1.2456055,1,19.062834,1.6518555,0.767334,-1,9.634634
281976,1715832277,969,29.983288,2.1933594,-2.5795898,1,7.54837,1.7675781,-3.0917969,-1,9.987394
281976,1733853139,980,36.65606,0.8265381,-1.7680664,1,16.08621,0.51330566,-1.5270996,-1,9.612513
281976,1735904706,981,25.805908,0.67541504,-1.8994141,-1,14.224102,0.49664307,-1.4360352,1,9.443435
281976,1736087062,981,29.869692,1.5922852,-3.0585938,-1,13.570325,1.5112305,-2.5825195,1,9.633773
281976,1736462983,981,19.637405,-0.9526367,0.5106201,-1,12.94788,-0.3604126,0.3439331,1,9.942965
281976,1748046577,988,32.18817,1.3085938,1.3469238,-1,26.240093,1.0410156,1.1306152,1,10.009956
281976,1754794615,992,43.17755,1.0568848,-1.4904785,1,30.480745,0.79504395,-1.6062012,-1,10.4093
281976,1753978102,992,18.622812,-0.6376953,1.6184082,-1,17.582903,-0.8956299,2.1704102,1,10.916587
281976,1755829377,993,27.384289,0.044021606,-0.477417,-1,12.502208,-0.0061950684,0.0934906,1,10.461996
281976,1756407322,993,16.171453,0.6364746,2.866211,1,13.395825,0.8701172,-2.7265625,-1,10.540542
281976,1762829491,997,40.671158,1.2861328,-1.3327637,1,8.351002,0.7454834,-1.1220703,-1,10.804911
281976,1764775972,998,20.855677,-2.1113281,-0.9494629,1,17.141665,-1.5910645,-0.791626,-1,10.385443
281976,1764553335,998,24.563122,-0.11489868,-0.024425507,-1,17.807161,0.056617737,-0.49420166,1,10.376242
281976,1764959223,998,36.335896,-1.5759277,0.07221985,-1,13.245182,-1.9916992,0.21234131,1,9.686895
281976,1782088055,1009,17.632715,1.4501953,2.0478516,1,13.045471,1.2624512,2.6552734,-1,9.509234
281976,1793035107,1015,17.366184,0.92663574,-2.65625,-1,14.371973,0.62597656,-2.1293945,1,9.509138
281976,1792243240,1015,23.969044,-1.2568359,1.4301758,-1,11.943675,-1.4494629,1.9326172,1,9.023299
281976,1792701947,1015,23.151588,0.44396973,1.1306152,-1,14.474679,0.3255005,0.6014404,1,9.817332
281976,1792440814,1015,27.41648,-0.25964355,1.3479004,1,23.576414,-0.34228516,1.7189941,-1,9.613223
281976,1793848260,1016,18.262804,1.0200195,-1.6027832,-1,11.994597,1.2485352,-2.2578125,1,10.107636
281976,1794724478,1016,35.589108,0.96569824,2.2548828,1,18.04865,1.0939941,2.6142578,-1,9.625786
281976,1865898797,1060,39.659508,2.3061523,1.3864746,1,12.049901,1.8679199,1.2192383,-1,10.324992
281976,1866039081,1060,24.880064,0.07337952,-1.6481934,1,12.156695,0.5718994,-1.4050293,-1,9.72285
281976,1758865583,995,17.927582,-0.32391357,-0.05102539,1,14.314185,-0.7850342,-0.48638916,-1,10.169349
281976,1759228516,995,25.012188,1.0097656,0.09295654,-1,7.966595,0.30688477,0.0710907,1,10.132087
281976,1809904790,1026,18.372646,-0.4015503,-2.6567383,-1,14.632178,-0.50964355,3.015625,1,10.0183
281976,2061769363,1158,20.799324,1.2963867,2.699707,-1,12.042877,1.4624023,-3.0141602,1,9.270274
281976,2063460077,1159,23.19728,2.277832,1.5222168,-1,14.06899,2.0454102,1.0180664,1,9.9454565
281976,2068670301,1161,23.79194,1.2268066,2.3813477,-1,13.90873,1.1650391,2.9658203,1,10.541584
281976,2067035442,1161,18.03372,-0.75231934,1.5046387,1,17.016943,-0.39855957,1.1228027,-1,9.110903
281976,1720634924,972,16.82173,0.64001465,2.2285156,-1,11.219841,0.22918701,1.6945801,1,9.211189
281976,1720087690,972,64.57525,-1.1604004,-2.239746,1,49.57884,-1.322998,-2.194336,-1,9.561683
281976,1722016271,973,63.577267,-0.5563965,-3.0986328,-1,12.124768,-0.6888428,2.871582,1,9.403992
281976,1722046654,973,19.421875,1.9431152,-1.5786133,-1,15.30037,1.8481445,-2.1347656,1,9.604788
281976,1722213391,973,33.23752,-0.110076904,-1.9960938,-1,15.60059,-0.43579102,-2.2885742,1,9.977
281976,1737963969,982,19.971626,0.11546326,1.3203125,1,9.171946,0.80236816,1.0229492,-1,10.293762
281976,1737058723,982,7.6519275,-0.8132324,0.9050293,-1,6.217419,0.3493042,0.40881348,1,9.129581
281976,2086839143,1170,17.395025,0.2845459,2.3105469,-1,12.247077,0.22454834,2.9667969,1,9.448246
281976,2094328974,1173,23.890518,-0.87719727,1.3588867,1,11.506297,-0.2850952,1.3520508,-1,9.961639
281976,2093629112,1173,29.427816,-1.6662598,1.2414551,1,20.99866,-2.0195312,1.4660645,-1,10.439091
281976,2105247425,1178,40.163494,0.02275467,1.2883301,1,31.467009,-0.25335693,1.3239746,-1,9.928234
281976,2105443492,1178,5.497273,0.5953369,0.11294556,-1,5.127009,2.1953125,-0.6612549,1,10.246132
281976,2107485461,1179,21.526241,1.168457,-2.2480469,1,14.296333,0.78759766,-2.5927734,-1,9.021784
281976,2113161707,1181,22.793285,-1.2971191,2.0146484,-1,14.993963,-1.1782227,1.5334473,1,9.080666
281976,2111209251,1181,37.62012,-0.09185791,0.44970703,1,21.982786,-0.2699585,0.7375488,-1,9.713335
281976,2112116764,1181,26.928577,0.3154297,2.9536133,-1,12.231,-0.08483887,2.6240234,1,9.430422
281976,2336207075,1304,31.002794,-0.513916,-0.8416748,1,18.531078,-0.43170166,-0.4281006,-1,10.037952
281976,2336219518,1304,26.464869,-1.1750488,-0.90270996,1,14.253823,-1.0039062,-0.39953613,-1,10.226679
281976,2335354586,1304,18.319878,0.75842285,2.5966797,1,13.697531,0.4165039,3.1000977,-1,9.585769
281976,2335246036,1304,27.838732,-1.5800781,2.6176758,1,13.125326,-1.755127,3.0888672,-1,9.532069
281976,2335413325,1304,29.735207,1.2702637,-1.1794434,-1,13.9978895,1.3659668,-1.6538086,1,9.784369
281976,2336192344,1304,28.54824,1.4130859,-0.095947266,1,20.033472,1.628418,-0.43011475,-1,9.481067
281976,2345796386,1311,20.194723,0.68640137,-2.900879,-1,12.797776,0.09039307,-2.8115234,1,9.829522
281976,2346462852,1312,68.00841,1.5505371,-0.23287964,-1,11.669761,1.2790527,-0.040405273,1,9.38978
281976,2348827851,1313,26.845592,-2.081543,0.17800903,-1,24.12786,-1.9924316,-0.1793518,1,9.327588
281976,2348462584,1313,28.01649,-2.0844727,2.8105469,-1,23.391497,-2.1948242,-3.0952148,1,10.011907
281976,3727962177,2158,44.41097,-1.6896973,0.6008301,-1,16.071615,-1.3110352,0.57421875,1,10.201294
281976,3728376372,2158,34.405125,0.53796387,-2.3354492,-1,25.39891,0.23068237,-2.525879,1,10.712416
281976,3729542033,2159,21.580822,0.90649414,-2.8286133,-1,16.729742,0.9046631,2.925293,1,9.939944
281976,3729429306,2159,20.772173,1.6154785,1.7595215,1,17.755272,2.005371,2.1142578,-1,10.134352
281976,3738828249,2165,21.657127,-0.69970703,0.34539795,-1,15.330889,-0.18814087,0.23727417,1,9.627054
281976,1991228058,1127,20.449963,0.011831284,1.6520996,1,15.558737,-0.42608643,2.0151367,-1,10.172223
281976,1990506326,1127,25.673054,0.7114258,1.4431152,-1,23.394835,0.54541016,1.7883301,1,9.352042
281976,2034438105,1146,17.47936,-1.0808105,2.5878906,-1,15.243523,-0.5830078,2.8686523,1,9.395096
281976,2033126659,1146,42.74119,-1.4533691,2.775879,1,19.542171,-1.6789551,3.0112305,-1,9.420203
281976,2034713304,1146,24.195997,0.6789551,2.4003906,-1,11.813898,0.54248047,3.0019531,1,10.280698
281976,2045843052,1151,17.876705,-0.43115234,-1.0388184,1,12.245145,-0.06336975,-1.6503906,-1,10.454617
281976,2092405755,1172,52.500988,1.7998047,-1.2441406,1,28.6032,1.6105957,-1.0710449,-1,9.941234
281976,2091591005,1172,22.577036,-0.68530273,0.5214844,-1,20.88163,-0.9472656,0.13192749,1,10.157848
281976,3340077353,1896,23.164574,-0.6427002,0.3071289,-1,12.435654,-0.7258301,-0.2350769,1,9.199198
281976,3341397412,1896,57.414886,2.1611328,-2.4394531,1,31.35791,2.1791992,-2.6577148,-1,9.278672
281976,3376000957,1919,24.83815,0.9562988,0.94555664,-1,15.799889,0.75598145,1.3718262,1,9.275554
281976,3460823843,1974,31.429472,1.6123047,0.22573853,1,19.66817,2.0117188,0.21981812,-1,9.997949
281976,3468858916,1979,12.192967,-2.2426758,-1.126709,1,9.190739,-1.3066406,-0.967041,-1,10.412325
281976,3474875454,1983,32.98747,1.324707,0.0024847984,1,8.928607,1.9101562,0.18081665,-1,10.640063
281976,3474701610,1983,17.52945,0.2555542,-0.7816162,-1,14.502407,0.6003418,-1.3193359,1,10.113027
281976,3475287882,1984,22.20589,0.041809082,-2.5327148,-1,20.078762,-0.24908447,-2.1601562,1,9.958409
281976,3483861280,1989,31.712746,-1.3051758,-2.5180664,1,13.361607,-1.4189453,-2.0615234,-1,9.60672
281976,3482822226,1989,20.354443,-0.76293945,-1.5549316,1,13.31564,-0.49786377,-0.97314453,-1,10.408432
281976,3486709792,1991,20.3883,-1.2609863,-0.8901367,1,15.69042,-1.0419922,-0.3511963,-1,10.300111
281976,3486326687,1991,20.649412,-1.3864746,-1.8566895,-1,15.279616,-0.8769531,-1.887207,1,9.164752
281976,3486605203,1991,39.223156,0.20028687,0.29589844,1,6.3712387,-0.26171875,-0.14779663,-1,10.133677
281976,3493761585,1996,23.542288,0.99890137,0.9803467,1,20.562752,1.4128418,1.175293,-1,10.123167
281976,3494442406,1996,34.246548,-1.3491211,-2.7216797,1,16.097643,-1.6269531,-2.4228516,-1,9.575563
281976,3499724013,2000,37.64894,-2.0664062,-3.0219727,1,15.687431,-1.9731445,-2.659668,-1,9.045242
281976,3504164123,2003,30.879734,-0.5957031,-2.4072266,-1,21.853607,-0.37799072,-2.0820312,1,10.141552
281976,3504733394,2003,24.959837,-0.12509155,2.2197266,-1,12.817127,0.34588623,1.9484863,1,9.781468
281976,3508788214,2006,35.383587,-1.71875,-0.43878174,-1,18.604315,-2.1098633,-0.36566162,1,10.27189
281976,3508849514,2006,21.646833,0.41351318,1.8569336,-1,16.85827,0.6879883,2.2983398,1,9.880308
281976,3509264435,2006,16.398666,-0.054649353,-0.58776855,1,15.416688,-0.53930664,-0.16278076,-1,10.272983
281976,3509681293,2006,20.23034,0.4915161,-0.36071777,1,17.67057,0.8273926,-0.7388916,-1,9.551374
281976,3510032621,2006,38.147636,2.0439453,-0.31481934,-1,35.2113,1.9824219,-0.034805298,1,10.473553
281976,3623269309,2082,111.131165,-2.2109375,-2.8115234,-1,7.9039927,-2.020996,-3.0966797,1,10.138109
281976,3667821998,2112,18.721186,-0.071762085,-1.8996582,-1,12.027892,-0.28015137,-1.2663574,1,9.856317
281976,3213502344,1815,79.159065,-1.6367188,-2.5263672,-1,5.4083543,-1.1589355,-2.5498047,1,9.991794
281976,3214453227,1815,66.94309,1.3015137,-0.5617676,1,14.585051,1.2802734,-0.21954346,-1,10.662067
281976,3213775499,1815,17.125143,0.68322754,1.2485352,1,17.104626,1.0437012,1.6403809,-1,9.103852
281976,3213553801,1815,21.843027,-1.0512695,-1.9404297,-1,16.152075,-0.5394287,-2.0581055,1,9.967207
281976,3213243520,1815,18.704279,-0.56433105,-0.70996094,1,12.148593,-0.50439453,-1.3481445,-1,9.500713
281976,3213454164,1815,25.353718,2.2626953,1.6271973,-1,16.63864,1.7929688,1.8166504,1,10.483711
281976,3221267053,1820,19.869522,-1.940918,1.3554688,-1,14.635394,-1.8959961,1.892334,1,9.078058
281976,3221844696,1820,18.869183,-1.7155762,2.3286133,1,13.402062,-2.3271484,2.4418945,-1,10.040397
281976,3221961052,1820,28.524677,-1.0449219,1.0566406,-1,19.373144,-1.2268066,1.4182129,1,9.475889
281976,3225437771,1822,31.823196,0.913208,-0.2619629,1,12.566237,0.5050049,-0.61169434,-1,10.769434
281976,3228881374,1825,28.816553,-2.2124023,2.8730469,-1,6.8615394,-2.2514648,2.211914,1,9.145205
281976,3229644387,1825,31.446306,-1.2580566,2.5771484,1,12.74341,-0.7943115,2.652832,-1,9.488454
281976,3230212468,1825,30.447697,-1.2468262,-2.359375,-1,12.462797,-1.0148926,-2.7714844,1,9.167521
281976,3229703682,1825,19.53135,-1.2644043,-0.6298828,-1,17.961437,-1.3032227,-1.1188965,1,9.097347
281976,3234053324,1828,17.241554,-0.76086426,-0.7348633,1,7.0128736,-1.5898438,-0.91833496,-1,9.592688
281976,3235501156,1829,14.090775,-1.2822266,-0.79211426,1,7.52821,-0.57336426,-0.0057935715,-1,10.855889
281976,3237324721,1830,33.22264,1.5273438,0.57592773,1,17.289944,1.9499512,0.7032471,-1,10.649971
281976,3236925987,1830,29.533735,0.82788086,-1.0688477,-1,13.385755,1.2094727,-0.7211914,1,10.274706
281976,3240165199,1831,27.348106,0.022930145,-0.9102783,1,12.776874,-0.1635437,-0.41900635,-1,9.738331
281976,3241890104,1833,36.775406,-1.4125977,-2.432129,-1,18.222507,-1.0065918,-2.5146484,1,10.795959
281976,3243287976,1833,18.284546,-0.36889648,-0.29449463,1,13.019401,-0.41296387,0.3623047,-1,9.97577
281976,3242690656,1833,25.280052,0.66748047,-0.70007324,-1,18.9254,0.3517456,-0.38684082,1,9.728844
281976,3242887883,1833,18.542568,-1.1367188,-0.27783203,-1,15.454432,-0.6496582,-0.009971619,1,9.474897
281976,3242391294,1833,30.716082,1.201416,1.4934082,1,14.384201,0.7611084,1.5070801,-1,9.334496
281976,3243316323,1833,27.936329,1.0908203,0.5548096,-1,13.262761,0.6088867,0.5015869,1,9.422536
281976,3261696817,1845,25.010841,-0.57751465,-3.0029297,1,21.53479,-0.40563965,-2.5878906,-1,10.363605
281976,3261915267,1845,18.099062,0.08389282,0.866333,1,12.451679,0.729126,0.9555664,-1,9.945794
281976,3260805971,1845,31.08678,1.0048828,-2.809082,-1,8.65508,1.4768066,-2.5131836,1,9.188537
281976,3264197285,1847,29.573633,-0.58825684,1.5119629,-1,11.647927,-0.8145752,1.9562988,1,9.198813
281976,3265559110,1848,37.986507,-1.6936035,-1.0908203,-1,20.733135,-2.0043945,-1.2348633,1,9.6430435
281976,3266094592,1848,22.743793,0.27825928,2.5776367,-1,11.800525,-0.16793823,2.2104492,1,9.492499
281976,3266184959,1848,17.689093,0.71875,0.852417,1,13.517819,1.0107422,1.4968262,-1,10.790751
281976,3265754491,1848,24.451962,1.1853027,3.0463867,-1,17.238766,1.5454102,-2.8691406,1,10.56391
281976,3270281972,1850,20.278875,0.24014282,-0.24417114,-1,13.964621,-0.26733398,-0.58447266,1,10.343496
281976,3277090687,1855,25.961926,0.9725342,2.6391602,1,19.210804,0.80529785,3.0141602,-1,9.1269
281976,3282295192,1858,25.12678,1.1044922,1.7282715,1,13.827568,0.92211914,1.2207031,-1,9.959574
281976,3282071339,1858,25.406101,-0.2883911,-2.2573242,-1,14.716511,-0.5701904,-2.6708984,1,9.640131
281976,3281984999,1858,17.05383,-0.7069092,2.168457,1,17.112574,-0.29467773,2.555664,-1,9.670051
281976,3285918537,1860,28.390446,0.68200684,-0.23184204,1,16.965168,0.87231445,0.23065186,-1,10.89485
281976,3284856247,1860,24.547918,0.5152588,1.9619141,1,17.79665,0.13009644,2.1723633,-1,9.213684
281976,3285992538,1860,21.211946,-0.9659424,0.8713379,1,14.361852,-1.4624023,1.1162109,-1,9.737384
281976,3286516653,1861,20.737106,-0.18319702,-1.8779297,1,18.019297,-0.69091797,-1.670166,-1,10.69972
281976,3286508531,1861,38.902664,-1.4411621,-2.3706055,1,6.6074595,-0.8651123,-2.0307617,-1,10.820671
281976,3286187237,1861,60.22787,1.0893555,0.6906738,-1,13.95618,1.2297363,1.0410156,1,10.895366
281976,3288884142,1862,25.288584,0.9794922,2.5581055,1,19.089113,0.6977539,2.875,-1,9.308344
281976,3288372784,1862,22.923069,-0.70861816,0.10769653,-1,20.176933,-0.33111572,0.32092285,1,9.362087
281976,3300959393,1871,19.314754,-1.3120117,2.0649414,-1,7.32668,-1.9592285,1.5583496,1,9.84499
281976,3301944188,1871,23.665155,1.2575684,-1.7590332,-1,10.583747,0.98376465,-1.2050781,1,9.685446
281976,3314207650,1879,21.5476,1.9331055,0.092300415,1,14.084384,2.3579102,-0.23901367,-1,9.412944
281976,3314070579,1879,34.378456,0.9746094,-2.7426758,1,15.16484,0.6055908,-2.555664,-1,9.485932
281976,3314637240,1879,20.328135,-0.8243408,0.3255005,1,18.588076,-0.48059082,0.64660645,-1,9.149769
281976,3336243787,1893,34.774635,-2.0327148,-2.0551758,-1,22.087654,-1.8439941,-1.7248535,1,10.51134
281976,3335984323,1893,22.512293,-2.1079102,1.3613281,1,10.867857,-2.4199219,0.7841797,-1,10.16245
281976,3336308267,1893,35.736393,-0.033294678,-1.7910156,-1,14.357933,-0.4229126,-1.7165527,1,9.04018
281976,3339108690,1895,21.468475,1.3586426,2.4003906,1,20.916258,1.626709,2.0249023,-1,9.748648
282034,4159982,2,38.70278,0.08241272,0.9515381,1,30.387096,-0.17218018,1.0366211,-1,9.227777
282034,2766734,2,38.132015,-0.88391113,0.15753174,1,22.151394,-0.66259766,-0.08758545,-1,9.593699
282034,3934476,2,36.592785,-0.018196106,-2.4990234,-1,14.399804,-0.2901001,-2.171875,1,9.75149
282034,6969889,4,28.076595,-1.3088379,2.8847656,-1,17.984962,-1.6506348,2.6655273,1,9.150916
282034,7982364,4,28.33057,1.4621582,-0.9477539,1,12.432916,1.9536133,-0.7883301,-1,9.784494
282034,6967234,4,26.216915,0.7219238,1.6784668,1,8.742574,0.81188965,2.3764648,-1,10.443363
282034,7995047,4,21.468363,-1.7304688,-1.407959,-1,15.509847,-1.1679688,-1.473877,1,10.469333
282034,37138716,17,20.592659,2.2319336,2.378418,-1,7.8211465,2.0737305,1.6193848,1,9.615864
282034,23042391,11,41.91872,0.10119629,0.17248535,-1,15.690589,0.31591797,0.46313477,1,9.252758
282034,22342968,11,21.427967,-0.06347656,1.0812988,1,5.6023026,-0.9337158,1.3356934,-1,10.223695
282034,22395999,11,24.120234,-1.3730469,-2.1918945,-1,5.660781,-1.3764648,-1.2854004,1,10.23348
282034,22429167,11,47.722813,1.1474609,1.0371094,1,52.892536,1.3256836,0.9871826,-1,9.310403
282734,543757765,272,33.463524,1.6362305,2.0478516,-1,9.77336,1.1188965,1.9211426,1,9.73351
282734,542823497,272,5.573248,0.93481445,0.5661621,-1,5.2469497,2.300293,2.0,1,10.678965
282734,593230040,298,51.043125,1.611084,-0.9971924,1,15.095092,1.9160156,-1.112793,-1,9.082306
282734,628655759,316,34.996075,-0.1977539,-1.6391602,1,30.20868,-0.022407532,-1.3840332,-1,10.051309
282734,628252073,316,64.21737,-1.8266602,-0.6682129,-1,49.863743,-1.8857422,-0.84020996,1,10.280442
282734,642624392,323,34.513603,-1.7712402,-2.6035156,1,20.704016,-2.150879,-2.6635742,-1,10.334446
282734,641657452,323,33.64656,2.0039062,2.5947266,1,25.906092,2.3242188,2.6123047,-1,9.512327
282734,643192650,323,11.783177,-1.0534668,-2.0698242,-1,5.4371195,-2.1132812,-2.7612305,1,10.410507
282734,642357380,323,45.536575,1.1416016,-2.538086,-1,20.648592,0.88378906,-2.7514648,1,10.270987
282734,643729096,324,26.607141,0.32421875,1.4833984,1,16.47499,-0.0393219,1.220459,-1,9.418428
282734,643487651,324,33.23161,0.53356934,-2.5151367,-1,11.2510805,0.31555176,-2.987793,1,9.991378
282734,644450461,324,43.958534,0.65930176,1.1359863,1,22.824314,0.9658203,1.019043,-1,10.426594
282734,645124933,324,75.38918,2.1601562,1.8427734,-1,52.90232,2.1557617,1.6730957,1,10.700467
282735,70815811,37,53.696133,-0.67700195,2.9248047,-1,35.46227,-0.46722412,2.8735352,1,9.439828
282735,113822324,60,29.313602,0.4819336,-2.397461,-1,11.723424,-0.03678131,-2.2788086,1,9.969466
282735,113464849,60,34.128036,0.29742432,0.24395752,-1,18.44959,0.118270874,-0.10920715,1,9.898657
282735,113836915,60,52.724842,2.3759766,-0.4720459,1,5.7454224,2.1860352,-1.0268555,-1,10.092541
282735,144900179,75,46.709316,1.0822754,0.1499939,1,38.6113,0.9030762,0.014961243,-1,9.534477
282735,135379262,71,39.240833,0.6010742,2.119629,-1,13.939208,0.87475586,2.4936523,1,10.810151
282735,143128040,74,63.35046,1.2858887,1.3120117,-1,56.775143,1.4206543,1.2114258,1,10.089831
282735,141003464,74,63.081867,0.37475586,0.41375732,1,12.893238,0.725708,0.5299072,-1,10.591007
282735,142528334,74,25.418587,-0.3137207,-0.050079346,1,14.083589,-0.17532349,0.44885254,-1,9.703024
282735,152676590,79,41.77962,-2.4482422,2.8867188,-1,17.078487,-2.1186523,2.9555664,1,9.032926
282735,153518053,79,33.427357,1.2875977,0.42852783,1,13.391403,1.6779785,0.6361084,-1,9.397213
282735,169957394,87,35.346676,-2.3579102,2.5297852,1,5.7430296,-1.7817383,2.7939453,-1,9.130564
283043,74976799,47,34.980976,2.1210938,0.53808594,-1,9.015862,2.3291016,0.05239868,1,9.308515
283043,126674476,74,49.153416,1.7780762,-3.0981445,-1,36.91039,1.9418945,3.0063477,1,10.322911
283043,124884412,74,27.148806,0.7967529,3.025879,-1,13.596576,1.1308594,-2.9174805,1,9.15473
283043,125761100,74,20.353994,1.5134277,-0.576416,1,7.325166,1.8349609,0.25341797,-1,10.604806
283043,128265877,75,125.115105,0.9193115,-1.1503906,-1,56.99498,0.81799316,-1.0905762,1,9.937304
283043,128242972,75,60.314827,0.34320068,-1.800293,1,28.441278,0.31799316,-1.5473633,-1,10.499861
283043,128582240,75,31.010435,-0.703125,-0.6779785,-1,17.821281,-0.3123169,-0.67248535,1,9.246739
283270,1388013364,858,13.209516,-1.3339844,2.2036133,1,13.299499,-1.5239258,1.4946289,-1,9.540838
283270,1389496807,859,24.837265,1.0361328,2.2978516,1,19.329046,0.5878906,2.1918945,-1,10.171971
283270,1389760957,859,33.869392,0.005701065,-0.32073975,-1,25.843634,0.3560791,-0.29571533,1,10.445508
283270,1389925009,859,27.269358,1.442627,-0.30566406,1,13.432752,1.8061523,0.014656067,-1,9.284932
283270,1297908111,805,42.39082,-1.0866699,2.0292969,1,19.84225,-1.3161621,2.2539062,-1,9.313915
283270,1298709941,805,20.687292,-2.2094727,-0.38104248,1,17.78735,-1.9680176,-0.786499,-1,9.011928
283270,1298595394,805,26.345947,-0.17282104,2.1420898,-1,11.758127,-0.18127441,2.7529297,1,10.585768
283270,1297785243,805,13.1142845,-1.552002,-0.5786133,1,11.075072,-2.03125,0.0044403076,-1,9.055142
283270,1309254908,812,12.564715,-1.8242188,-1.2080078,1,7.4900737,-1.5478516,-2.2216797,-1,9.794582
283270,1310018515,812,31.612766,1.2683105,1.0527344,-1,25.95179,1.1538086,0.71191406,1,10.254096
283270,1311208082,813,33.34752,-1.2751465,-1.7060547,-1,5.3149457,-0.9454346,-2.4316406,1,10.427507
283270,1312374426,813,30.156887,0.56799316,-1.3845215,1,22.325207,0.17538452,-1.4951172,-1,10.646279
283270,1311490080,813,48.86386,2.2817383,2.4448242,1,41.52393,2.3374023,2.2333984,-1,9.827417
283270,1324228965,820,37.523243,-0.017608643,-1.6228027,1,27.523548,0.2137146,-1.8376465,-1,10.148868
283270,1324069263,820,23.194387,0.3182373,-1.6394043,1,16.832031,0.0051412582,-1.9931641,-1,9.32393
283270,1338808622,828,61.60562,-0.7579346,-0.37927246,1,15.667618,-0.44055176,-0.46722412,-1,10.271794
283270,1339003987,829,27.167847,-1.1762695,1.0876465,-1,13.243536,-0.77368164,0.71691895,1,10.392046
283270,1340049634,829,33.23378,-1.6918945,0.97436523,1,15.2473345,-1.2392578,0.9333496,-1,10.317613
283270,1339048575,829,26.750772,0.40905762,-2.777832,1,15.79873,0.65441895,-2.3847656,-1,9.488467
283270,1340334590,829,26.730171,0.25927734,-1.9536133,-1,15.923686,0.6575928,-2.1801758,1,9.496517
283270,1342453920,831,16.90677,-0.98986816,-0.2184143,1,10.993187,-0.25793457,-0.13809204,-1,10.261271
283270,1343238718,831,25.292696,0.48675537,-3.0063477,1,16.351597,0.7281494,2.869629,-1,9.584011
283270,1345624244,832,39.53871,1.4748535,-1.7453613,1,7.4713583,1.9995117,-1.6220703,-1,9.364004
283270,1347707511,834,38.20918,-0.09480286,-0.44854736,1,36.865917,-0.24182129,-0.24584961,-1,9.390352
283270,1349061409,834,27.118837,1.0666504,1.4799805,-1,19.88491,1.3959961,1.7924805,1,10.547952
283270,1347660597,834,9.350153,-1.1184082,1.5512695,1,9.516987,-1.0537109,2.762207,-1,10.755103
283270,1350411356,835,12.036516,1.317627,1.7431641,1,7.771026,1.418457,0.7423096,-1,9.331815
283270,1405826629,868,13.838533,-2.1704102,-0.3007202,-1,13.7259445,-1.6010742,0.17263794,1,10.2479515
283270,1422883111,879,79.18933,1.4250488,-0.37512207,1,16.591608,1.3037109,-0.607666,-1,9.491979
283820,1387889371,786,20.280546,-0.993042,1.9067383,1,16.0049,-0.45892334,2.027832,-1,9.978737
283820,1388108209,786,41.02944,0.27294922,0.06893921,1,25.852034,-0.02879715,0.08439636,-1,9.877472
283820,1391659615,788,21.089146,1.4343262,3.078125,-1,12.1544895,0.8366699,2.8144531,1,10.584608
283820,1396958734,791,35.76346,0.46417236,0.21322632,1,13.708596,0.30999756,-0.18655396,-1,9.433735
283820,1399874695,792,55.472977,2.1254883,-0.09399414,-1,30.459845,2.2490234,0.08821106,1,9.040707
283820,1399466139,792,20.435175,0.70043945,-1.1152344,-1,10.409518,0.41436768,-0.5362549,1,9.320139
283820,1402933584,794,23.305302,0.880249,-1.5183105,1,18.367435,0.6218262,-1.1345215,-1,9.540774
283820,1402405867,794,22.966238,-1.2736816,0.2711792,1,13.576263,-0.7628174,0.36853027,-1,9.2795925
283820,1403687052,794,52.17689,-1.7609863,0.32409668,-1,5.4458876,-1.2099609,0.24627686,1,9.497738
283820,1402763568,794,30.353552,-2.1132812,-0.32769775,-1,14.9289665,-2.3671875,0.08576965,1,10.283102
283820,1407086921,796,19.392666,2.1464844,-2.296875,-1,10.755894,2.2021484,-2.959961,1,9.436361
283820,1424765883,806,41.8266,1.7749023,0.4083252,1,17.870586,1.4541016,0.30023193,-1,9.290663
283820,1414258525,800,34.38447,-0.6923828,0.1131134,-1,34.04329,-0.43060303,0.25915527,1,10.276049
283820,1415524972,801,13.795585,-0.46929932,0.7606201,1,12.573497,-0.87683105,1.4633789,-1,10.554974
283820,1415734260,801,41.963905,0.21200562,1.1398926,-1,43.26954,0.13952637,0.9147949,1,10.057598
283820,1416765934,801,34.85821,1.1967773,-0.36749268,1,16.032227,1.0385742,-0.7687988,-1,10.1397705
283820,1417779120,802,24.956038,-1.6188965,-1.7397461,1,9.49698,-1.7758789,-1.1257324,-1,9.614391
283820,1420958744,804,25.283424,-0.99401855,1.1623535,-1,12.356327,-0.5996094,0.8161621,1,9.289822
283820,1421489848,804,39.496655,-0.26574707,0.9453125,-1,10.485294,-0.11140442,0.43359375,1,10.769559
283820,1423972121,805,36.80589,0.1746521,2.0717773,-1,21.704185,-0.10261536,1.8537598,1,9.9813795
283820,1423259071,805,26.946074,1.1271973,1.4929199,1,24.467228,1.2043457,1.8625488,-1,9.642588
283820,1426710459,807,54.358593,1.0205078,-2.3432617,1,26.741867,1.2529297,-2.28125,-1,9.190475
283820,1457102085,824,21.509785,-0.42785645,1.5900879,1,16.776022,-0.30541992,2.109375,-1,10.027715
283820,1457474176,824,20.51765,2.3076172,-0.10429382,1,6.956806,2.090332,-0.9375,-1,10.012688
283820,1457978690,824,24.587849,-0.26245117,1.0187988,-1,11.9582,0.05177307,0.51123047,1,10.168941
283820,1458310242,824,41.089233,-1.6411133,-2.6660156,1,10.746624,-1.2485352,-2.461914,-1,9.341502
283820,1458790670,825,34.35387,0.954834,-2.1137695,1,13.777593,1.1235352,-2.5581055,-1,10.267587
283820,1460037740,825,26.572023,0.86035156,-2.5625,1,7.8250833,1.3632812,-3.0322266,-1,9.937427
283820,1461536538,826,25.93306,-1.237793,-2.791504,-1,9.239509,-1.673584,3.0478516,1,9.625938
283820,1461180538,826,25.536879,0.48120117,-0.9404297,-1,13.774643,0.63171387,-1.401123,1,9.018326
283820,1461950107,826,34.793503,-1.217041,0.20269775,1,30.675446,-1.0205078,0.39801025,-1,9.052041
283820,1462637694,827,25.015755,1.6450195,-2.5263672,1,22.395569,1.3820801,-2.2470703,-1,9.075852
283820,1465924526,828,31.899508,1.3757324,-0.3536377,-1,22.248943,1.6188965,-0.061454773,1,10.115688
283820,1465162422,828,24.47358,0.06295776,-2.8779297,1,13.727968,0.3809204,2.9985352,-1,9.437623
283820,1467601724,829,24.154207,-0.6151123,0.75805664,-1,23.245636,-0.9663086,0.5192871,1,10.0909195
283820,1482995377,838,29.317146,0.5548096,1.5090332,-1,16.406887,0.6558838,1.9338379,1,9.509068
283820,1483168488,838,27.169357,0.2946167,-1.767334,1,10.306161,0.89538574,-1.9855957,-1,10.836295
283820,1482597247,838,48.079475,-0.46636963,0.782959,1,14.310118,-0.61328125,0.4699707,-1,9.040356
283820,1483955447,838,37.30499,-1.3564453,2.815918,-1,26.782139,-1.253418,2.5175781,1,9.9441805
283820,1484236036,839,46.518394,-0.6536865,-1.0507812,-1,30.751343,-0.88061523,-0.88134766,1,10.721483
283820,1485433376,839,107.43017,0.7753906,2.9257812,-1,76.67176,0.86535645,2.9858398,1,9.820061
283820,1488353345,841,24.515093,2.2304688,0.22070312,-1,14.378056,2.2993164,0.73620605,1,9.657616
283820,1489319456,841,21.382618,0.9226074,-2.2348633,1,17.050987,0.4468994,-2.1694336,-1,9.253919
283820,1490128805,842,25.461142,0.19241333,1.1804199,1,15.022376,0.36895752,1.6838379,-1,10.337104
283820,1489570499,842,32.073254,-1.1281738,-2.862793,-1,6.3588457,-1.5444336,-2.2939453,1,10.004369
283820,1489553847,842,28.40338,-0.5979004,-1.1083984,1,23.446482,-0.40734863,-1.4658203,-1,10.412888
283820,1495511222,845,25.302788,0.011230469,-3.1235352,1,11.7827215,0.03916931,-2.5703125,-1,9.443267
283820,1495196377,845,30.621395,1.1364746,-2.743164,-1,8.546051,0.80859375,-2.1513672,1,10.834785
283820,1503506484,849,6.625828,-1.9892578,1.4838867,-1,6.3666706,-2.399414,-2.9360352,1,10.765263
283820,1503493446,849,23.848618,0.9764404,-0.7330322,1,12.233558,1.1809082,-1.2514648,-1,9.429451
283820,2078891843,1177,21.613386,1.9130859,0.9017334,-1,9.273772,1.456543,1.3955078,1,9.507552
283820,2078843774,1177,20.73732,2.2387695,-2.6464844,1,19.655191,2.0063477,-2.1572266,-1,10.851267
283820,2078899869,1177,13.929097,0.39855957,1.0498047,1,10.113502,-0.4008789,0.72753906,-1,10.461072
283820,2078209071,1177,24.822575,1.6257324,-1.3684082,1,7.309113,1.815918,-0.58288574,-1,10.625184
283820,2079277078,1178,6.219085,-2.2719727,1.0305176,-1,5.0647736,-0.6230469,0.7562256,1,10.452214
283820,2078982920,1178,32.4261,-0.28808594,2.133789,1,18.246,0.061897278,2.3867188,-1,10.529001
283820,2080370106,1178,29.401628,-0.5163574,0.23779297,1,24.313618,-0.58496094,-0.1376648,-1,10.146919
283820,2079581962,1178,5.875526,2.0288086,2.1455078,1,5.3872795,2.2558594,-1.6330566,-1,10.762767
283820,2080028414,1178,42.219177,1.7341309,-0.89990234,1,16.508158,2.1108398,-0.8828125,-1,10.014248
283820,2086422580,1182,25.734905,0.71643066,-0.03112793,-1,14.823597,0.91638184,0.48431396,1,10.697249
283820,2086872556,1182,30.035606,-2.3481445,-0.5031738,-1,18.25151,-2.461914,-0.95654297,1,10.856306
283820,2086529861,1182,24.746775,-1.3537598,2.7617188,1,5.3939753,-0.5313721,2.9960938,-1,10.138097
283820,2107450430,1194,42.87189,2.4194336,1.0070801,1,7.6745462,2.3999023,0.4296875,-1,10.334257
283820,2108162041,1194,56.07319,-2.2597656,1.2353516,-1,17.17253,-2.0961914,1.5141602,1,10.009761
283820,2159919043,1225,44.142548,-0.15274048,2.368164,1,16.397165,0.11201477,2.0737305,-1,10.645603
283820,2160314840,1225,31.251638,0.40283203,-2.4311523,1,20.779106,0.019268036,-2.349121,-1,10.053968
283820,2161377718,1225,19.758993,0.8781738,-2.290039,-1,17.498,0.39605713,-2.4707031,1,9.653304
283820,2159709808,1225,41.65055,0.52441406,-0.8536377,-1,12.878415,0.9036865,-0.9404297,1,9.062284
283820,2160430767,1225,28.893705,-0.3651123,-0.3046875,1,22.267607,-0.10368347,-0.6010742,-1,10.016502
283820,2161646276,1226,20.374626,-1.1884766,-0.41656494,1,17.31241,-1.6435547,-0.2064209,-1,9.478259
283820,2170436905,1231,28.71783,0.7619629,1.3942871,1,26.577602,1.1179199,1.427002,-1,9.9272995
283820,2212524258,1254,109.95115,-1.3225098,-0.6970215,-1,59.64376,-1.2390137,-0.60095215,1,10.306627
283820,2231484918,1265,28.577215,-0.17669678,-2.9125977,1,14.752772,-0.51794434,3.0761719,-1,9.2656975
283820,2233209564,1266,34.78871,-0.90515137,-1.1489258,1,6.713102,-0.3256836,-1.2270508,-1,9.058782
283820,2233649554,1266,24.209066,-1.375,3.053711,-1,12.912302,-0.87683105,2.8256836,1,9.766188
283820,2306506181,1308,21.086784,0.6612549,-1.2451172,1,16.862663,0.16326904,-1.3146973,-1,9.578011
283820,2387031704,1354,34.635754,0.84484863,-1.1103516,-1,11.960511,0.43463135,-1.3991699,1,10.247475
283820,2387547463,1354,25.4349,0.8963623,-2.6796875,1,19.980513,1.2006836,-3.041504,-1,10.641256
283820,2387511848,1354,41.224907,-2.319336,-0.04651642,-1,14.390399,-2.2944336,-0.43084717,1,9.32319
283820,2204099488,1250,22.5032,0.9361572,0.55322266,1,22.55843,1.262207,0.8758545,-1,10.33584
283820,2205044734,1250,60.553253,1.9042969,-0.54016113,1,8.0120945,1.8408203,-0.9552002,-1,9.18346
283820,2205042645,1250,42.828648,1.4787598,1.5036621,1,36.947342,1.3259277,1.3283691,-1,9.248416
283820,2204552847,1250,32.120335,1.4443359,0.3795166,1,27.850756,1.2429199,0.11924744,-1,9.831987
283820,2627350991,1493,27.24755,0.2689209,0.44171143,-1,16.717514,0.55407715,0.072280884,1,9.937525
283820,2627162624,1493,27.485245,1.3208008,0.028625488,1,23.793114,0.98168945,-0.12963867,-1,9.605856
283820,2717814273,1545,41.291927,0.7266846,-0.9251709,1,19.297825,0.8400879,-1.2670898,-1,10.124855
283820,2717210196,1545,18.625778,-0.5708008,1.4243164,1,17.222229,-0.87023926,1.0085449,-1,9.145225
283820,2718854337,1545,96.6815,-1.9472656,-1.0708008,-1,87.586044,-1.847168,-1.0178223,1,10.42533
283820,2717098855,1545,37.48134,-1.7319336,-0.24145508,-1,18.774147,-1.6333008,0.16253662,1,10.96069
283820,1430621180,809,29.735064,-0.48986816,0.661499,1,26.78321,-0.15621948,0.7097168,-1,9.556805
283820,1431241761,809,45.42529,-0.79833984,3.1376953,1,7.4599814,-1.1657715,-2.8164062,-1,9.09034
283820,1430170749,809,31.824474,-0.65649414,-2.510254,-1,14.889498,-0.1921997,-2.4194336,1,10.387547
283820,1430669627,809,44.589752,-0.8572998,1.0109863,-1,7.73377,-0.9326172,0.4827881,1,9.795392
283820,1430939111,809,7.665139,1.8444824,2.7026367,-1,5.801719,1.0102539,1.3337402,1,10.192765
283820,1429722298,809,17.827478,-0.5665283,1.4094238,-1,17.580133,-0.85339355,0.94177246,1,9.65764
283820,1432051580,810,28.08757,2.1899414,2.4018555,1,18.077818,1.949707,2.0375977,-1,9.801147
283820,1436864735,812,31.644934,-0.15731812,1.5661621,1,27.074114,-0.15985107,1.904541,-1,9.857579
283820,1435222395,812,30.892525,-2.3432617,0.6970215,1,29.689726,-2.0126953,0.8404541,-1,10.951955
283820,1437122497,813,26.639442,0.90527344,-3.036621,1,19.303867,0.49743652,-3.0014648,-1,9.346767
283820,1440276687,814,62.92713,0.8129883,2.8203125,-1,21.336746,1.0895996,2.7211914,1,10.796682
283820,1440229227,814,28.51312,0.21130371,-2.262207,1,17.108854,-0.20449829,-2.3764648,-1,9.587717
283820,1444750242,817,18.17694,-1.8322754,0.34527588,1,16.704609,-2.006836,0.89941406,-1,10.007517
283820,1447864555,819,93.44354,-1.9013672,-0.0027656555,-1,18.225912,-1.8171387,0.21316528,1,9.550851
283820,1449380039,819,33.0298,1.1313477,-2.3017578,1,5.598889,0.6291504,-2.9106445,-1,10.681662
283820,1449309133,819,39.673855,1.0009766,-0.23464966,1,15.498259,1.3232422,-0.41601562,-1,9.196795
283820,1450323071,820,36.77215,1.8876953,2.1933594,-1,34.701622,1.6379395,2.0771484,1,9.859561
283820,1450565931,820,33.499413,2.3925781,-1.8391113,1,8.44012,2.2373047,-2.3891602,-1,9.498766
283820,1452351464,821,23.7459,0.31982422,0.25750732,1,10.951288,0.3013916,0.8574219,-1,9.534438
283820,1451909750,821,22.602486,1.7285156,1.7683105,1,13.682757,2.1245117,2.1132812,-1,9.250633
283820,1453328208,822,21.12129,1.6713867,2.649414,-1,15.02366,1.970459,2.1118164,1,10.868038
283820,1454210405,822,51.801888,-1.105957,2.1435547,-1,21.49882,-0.9095459,1.9121094,1,10.123842
283820,1486722191,840,21.145065,0.99768066,-1.3027344,-1,20.378092,1.3935547,-1.543457,1,9.657388
283820,1501681100,848,35.37333,-1.9040527,-2.8945312,1,15.066684,-2.336914,-2.9990234,-1,10.356157
283820,1505203947,850,26.767912,0.9189453,-2.1132812,-1,26.64509,1.2924805,-2.208496,1,10.350876
283820,1506878569,851,25.563322,1.1711426,-1.1174316,1,18.004267,1.5356445,-0.85876465,-1,9.615382
283820,1506770411,851,31.127453,1.0620117,-0.56848145,-1,13.584953,0.59936523,-0.55249023,1,9.604508
283820,1507785674,852,36.033936,0.8430176,2.2143555,-1,15.016592,1.2116699,1.9541016,1,10.52703
283820,1508549397,852,140.09288,1.833252,2.6953125,1,9.717321,1.6777344,2.4414062,-1,10.967281
283820,1522941209,860,74.25519,-0.4375,2.9580078,1,15.276597,-0.51660156,-3.0332031,-1,10.154759
283820,1539207310,870,38.283253,-1.8894043,2.9902344,-1,8.207817,-2.2192383,2.5791016,1,9.319838
283820,1539465237,870,20.777134,-0.760376,-1.5449219,-1,20.621185,-0.61743164,-1.9829102,1,9.468634
283820,1540335994,870,39.288143,-1.8718262,-0.49835205,1,16.756392,-2.224121,-0.5046387,-1,9.087465
283820,1539388273,870,27.596375,0.16003418,0.2682495,-1,25.769623,0.19824219,0.6196289,1,9.37776
283820,1652808946,935,26.856594,1.1708984,-1.5141602,-1,14.821263,1.2558594,-1.0368652,1,9.583642
283820,1666427808,942,28.104942,1.0744629,-1.6452637,-1,10.454969,1.4655762,-1.2556152,1,9.464263
283820,1665780481,942,21.880379,-1.3571777,2.1875,-1,16.51111,-0.8388672,2.211914,1,9.972986
283820,1552961966,877,20.699686,1.0239258,-0.9869385,1,17.108929,0.55944824,-0.81555176,-1,9.389611
283820,1552025252,877,17.264988,1.9118652,1.0974121,-1,8.413573,2.2905273,0.3192749,1,10.2315
283820,1562933896,883,33.412853,-1.8103027,0.012876511,1,21.38448,-1.7399902,-0.3388672,-1,9.540211
283820,1577157361,892,29.151285,-2.2304688,1.4763184,-1,5.260436,-1.9707031,2.3325195,1,10.7754965
283820,1583967608,896,78.64904,-1.2946777,-1.8937988,1,21.59188,-1.3798828,-1.6843262,-1,9.3043165
283820,1585108508,896,41.435207,0.901001,0.0920105,-1,10.120015,0.69555664,-0.3614502,1,10.125145
283820,1608951734,910,23.049572,0.29968262,0.8967285,1,20.188307,-0.097457886,1.1369629,-1,10.054277
283820,1617558181,915,28.518412,0.48883057,0.095840454,1,13.448283,0.032463074,-0.057800293,-1,9.503071
283820,1617767189,915,20.384024,1.4150391,-1.3464355,1,15.796201,0.94641113,-1.1330566,-1,9.307045
283820,1675937940,948,32.670986,0.79785156,-0.7026367,1,15.167217,0.9971924,-1.1008301,-1,9.86372
283820,1763946787,999,27.97146,-1.4238281,-2.3481445,-1,8.701988,-0.8543701,-2.5668945,1,9.627562
283820,1763824456,999,25.922365,0.020057678,-0.607666,1,11.682936,0.36169434,-0.18005371,-1,9.49896
283820,1765288497,1000,43.58008,-0.6940918,0.021942139,-1,34.48756,-0.47436523,0.13018799,1,9.51053
283820,1764730008,1000,16.28072,0.24975586,-0.67736816,1,14.320337,0.39074707,-1.3896484,-1,10.863238
283820,1794542615,1016,47.156815,-0.7141113,-0.33953857,-1,27.161837,-0.42144775,-0.26416016,1,10.852144
283820,1794511509,1016,37.46087,2.0410156,0.33013916,-1,27.734228,1.7055664,0.36541748,1,10.921953
283820,1794777249,1016,22.946795,1.3210449,0.26898193,-1,17.677166,1.157959,0.73950195,1,9.948353
283820,1803490099,1021,17.920683,0.55126953,-1.2458496,1,16.767332,1.0942383,-1.4389648,-1,10.097305
283820,1827470403,1035,22.399036,1.1357422,-3.1206055,-1,12.393973,0.9387207,-2.5458984,1,10.000366
283820,1833312582,1038,23.605373,-1.6604004,2.75,-1,17.014788,-1.6030273,2.2670898,1,9.652912
283820,1832876516,1038,58.22714,1.7368164,-2.1533203,1,9.005516,1.8137207,-2.5893555,-1,10.060947
283820,1800178604,1019,21.553873,-2.0395508,1.0202637,-1,13.606482,-1.4682617,0.7819824,1,10.720207
283820,1830943186,1037,26.456076,0.8625488,0.86035156,1,17.134699,0.6118164,0.48913574,-1,9.507977
283820,1866108915,1057,22.62321,-0.4979248,-1.5146484,-1,12.962404,-1.0651855,-1.2890625,1,10.572654
283820,1923929585,1089,45.59564,1.7734375,-0.8703613,-1,6.0603466,2.213379,-1.2487793,1,9.667216
283820,1940693375,1099,52.198483,-1.1835938,2.1489258,-1,24.894457,-1.4589844,2.081543,1,10.250381
283820,2081422521,1179,33.658012,-0.0073337555,-2.5913086,-1,17.446133,-0.39941406,-2.6567383,1,9.692426
283820,1862878471,1055,105.34133,1.994873,-2.0581055,-1,12.354322,1.9450684,-2.3520508,1,10.717247
283820,1862543122,1055,32.400433,0.9526367,0.20855713,1,12.94527,0.5904541,0.5291748,-1,9.918282
283820,1863258336,1055,44.033535,1.463623,-2.2832031,-1,8.098806,1.2714844,-1.7497559,1,10.597206
283820,1862671565,1055,16.151976,-0.3723755,-1.9003906,-1,5.4059353,0.16314697,-0.8984375,1,10.305861
283820,1863761309,1055,18.080051,2.071289,-1.3442383,-1,17.092932,1.8498535,-0.8120117,1,10.035094
283820,1873427527,1061,20.181776,1.8508301,-1.5195312,-1,18.89003,1.9504395,-0.9748535,1,10.682748
283820,1873750664,1061,70.24434,-0.9626465,1.6049805,-1,25.149977,-1.0981445,1.8017578,1,10.033148
283820,1873472392,1061,25.647224,0.26574707,2.6577148,1,20.599926,0.27490234,2.2138672,-1,10.120695
283820,1873722217,1061,26.768333,2.2729492,2.0161133,1,26.730164,2.4985352,1.6948242,-1,10.477282
283820,1874990957,1062,64.166504,2.3325195,2.599121,-1,30.973837,2.413086,2.375,1,10.602919
283820,1876229013,1062,18.643206,-0.11437988,-1.7958984,1,13.603112,-0.17407227,-1.1977539,-1,9.432131
283820,1875937091,1062,26.242565,-0.21377563,-0.36291504,1,19.568785,-0.32769775,0.030067444,-1,9.217625
283820,1894209239,1072,19.76954,-1.9145508,-2.0288086,-1,5.5559587,-1.0219727,-2.2416992,1,9.921494
283820,1894330740,1072,30.225178,-2.0136719,1.1437988,1,23.735182,-2.0097656,0.751709,-1,10.435254
283820,1926020479,1090,25.245928,2.4223633,-2.3051758,1,14.117503,2.3710938,-2.8007812,-1,9.310403
283820,1924704232,1090,72.634346,-0.52905273,2.4335938,-1,7.983017,-0.20523071,2.6782227,1,9.79103
283820,1927976136,1092,25.743053,-0.5328369,0.47698975,1,15.150091,-1.0368652,0.28710938,-1,10.733807
283820,1928740500,1092,66.39816,1.9902344,-3.1088867,1,6.784836,1.6606445,2.8251953,-1,10.184624
283820,1931734584,1094,20.246574,-1.8417969,-2.7011719,1,10.560143,-2.1645508,2.9814453,-1,9.863869
283820,1932522190,1094,43.07842,2.1279297,0.7307129,1,6.174785,2.152832,1.3510742,-1,9.965174
283820,1990812057,1127,23.953485,0.117996216,-1.5524902,1,16.589106,0.5788574,-1.5488281,-1,9.268641
283820,1990287865,1127,21.912132,-1.5688477,-0.14590454,-1,17.69352,-1.0776367,-0.006178856,1,10.149035
283820,2012927501,1140,22.92864,0.49108887,-2.5859375,-1,13.456959,0.920166,-2.900879,1,9.382718
283820,2011737230,1140,54.326233,-0.34033203,-1.8662109,1,43.17502,-0.5546875,-1.8952637,-1,10.495907
283820,2011540430,1140,31.435629,-2.255371,-2.915039,-1,6.79207,-2.3579102,-2.178711,1,10.624081
283820,2011774821,1140,20.947752,2.355957,2.7504883,-1,16.70254,1.9033203,2.9248047,1,9.1390085
283820,2029151087,1150,23.888645,2.1137695,-0.12667847,-1,21.593596,1.7609863,0.13973999,1,10.063179
283820,2032739366,1152,23.68555,0.54870605,-0.29553223,-1,22.439604,0.61291504,0.15792847,1,10.469997
283820,2036205787,1153,33.162937,1.6164551,1.3166504,1,21.160057,1.2805176,1.3820801,-1,9.107271
283820,2035267254,1153,23.066185,0.42834473,-0.7167969,-1,6.9466505,-0.28552246,-0.6555176,1,9.261988
283865,526931258,312,30.346273,-0.7318115,0.78149414,1,9.461456,-1.2241211,0.5880127,-1,9.039977
283865,990325130,568,32.190685,1.2924805,-1.1760254,1,20.090122,0.9387207,-1.1679688,-1,9.045728
283865,990810628,568,39.545933,-0.082336426,-0.15258789,1,39.31879,-0.10240173,0.0834198,-1,9.318397
283865,728113396,425,26.9139,-1.7614746,-1.5976562,-1,16.840351,-1.4592285,-1.9213867,1,9.423676
283865,1236765762,706,41.27413,1.9887695,-2.5649414,1,22.20966,2.2519531,-2.421875,-1,9.08854
283865,1236648832,706,28.880205,1.4528809,-2.1958008,-1,6.494791,1.8164062,-1.5024414,1,10.567953
283865,1236299019,706,28.470316,-2.4296875,-2.1972656,1,8.797748,-1.7678223,-2.2924805,-1,10.772868
283865,1442566467,816,22.734247,0.72265625,1.6630859,1,5.01,0.22680664,0.90600586,-1,9.529245
283865,1531068295,865,8.970808,1.3493652,-1.8989258,-1,5.114055,0.06997681,-1.6271973,1,9.448727
283865,1532103628,865,28.983192,-2.027832,-0.98913574,1,23.141445,-2.4082031,-1.0136719,-1,9.930422
283865,1570708711,887,39.188927,-0.5579834,-0.021598816,1,12.675556,-0.30950928,-0.43969727,-1,10.789015
283865,1570594484,887,33.811028,-1.6396484,-3.0449219,-1,16.765055,-1.9111328,-2.7006836,1,10.418583
283865,1571118968,887,50.944305,-1.4641113,0.14562988,-1,6.1882887,-0.9904785,0.4265747,1,9.837051
283865,1618701313,914,60.415833,1.2651367,0.8675537,-1,44.861446,1.1560059,0.72839355,1,9.203855
283865,1618101001,914,18.965063,-1.2880859,-0.3668213,-1,10.613585,-1.6481934,0.24124146,1,9.927029
283865,1619062708,914,41.75658,-0.29504395,-2.7836914,1,22.261324,-0.4887085,-2.5185547,-1,9.996825
283865,760820587,444,35.719364,0.06539917,-0.16619873,-1,23.641024,-0.25738525,-0.2874756,1,10.057513
283865,1670154021,942,25.899738,-0.79248047,-1.5476074,-1,30.699049,-1.0251465,-1.2509766,1,10.615299
283865,2003810576,1117,52.126553,-0.78063965,-0.4968872,1,45.82248,-0.61450195,-0.37890625,-1,9.964438
283865,1911644270,1066,20.251518,0.20126343,-2.1611328,-1,6.1250467,-0.7293701,-2.300293,1,10.853978
283865,1910708742,1066,29.49773,1.0439453,0.12385559,-1,22.610565,0.71728516,-0.0634613,1,9.7538805
283865,1933828520,1078,9.0726385,-0.6298828,-1.1276855,-1,5.6472483,-0.91674805,0.5383301,1,10.791598
283865,1932633075,1078,56.161324,2.2583008,-1.138916,1,13.765971,1.9553223,-1.0134277,-1,9.146806
283865,1932775509,1078,36.401375,1.3015137,-2.6176758,1,15.029274,1.1633301,-2.1723633,-1,10.824506
283865,1941854478,1083,41.103027,-0.4107666,0.115219116,-1,19.647284,-0.31536865,-0.2052002,1,9.463566
283865,1943008014,1083,27.37344,0.7453613,-1.019043,-1,17.890732,0.8574219,-1.4667969,1,10.134592
283865,1941747653,1083,33.001038,0.41430664,-2.5498047,-1,24.525745,0.63879395,-2.802246,1,9.605499
283865,1942668831,1083,37.22946,-1.8027344,2.7836914,1,6.436542,-2.3642578,2.385254,-1,10.728904
283865,1942569582,1083,40.078316,-1.3330078,-1.3935547,-1,30.013828,-1.072998,-1.2990723,1,9.6184025
283865,1984202501,1106,30.933748,-1.3146973,-2.8798828,-1,7.489431,-1.9604492,-2.8579102,1,10.006126
283865,1984841184,1106,25.327627,1.8129883,2.5917969,1,22.15571,1.817627,2.9907227,-1,9.388324
283865,1984061933,1106,25.79251,-1.0266113,1.6542969,1,17.502531,-0.8387451,1.1923828,-1,10.516577
283865,2041894750,1138,21.315912,-1.1442871,-0.078430176,1,16.364798,-0.64746094,-0.30639648,-1,10.2926655
283865,2041578968,1138,26.057535,2.2104492,-1.2424316,1,10.01668,2.4350586,-1.8522949,-1,10.35974
283865,2042243851,1138,32.15688,-1.0769043,0.29125977,-1,14.995269,-1.0266113,-0.1611023,1,9.910686
283865,2096151463,1169,47.616814,1.7548828,2.8476562,-1,12.20565,1.8330078,2.432129,1,10.122588
283865,2096767058,1169,17.24462,1.9494629,-0.16442871,-1,16.53534,1.4006348,-0.04219818,1,9.608295
283865,830755388,486,23.371023,1.2536621,1.3713379,-1,23.31116,1.5236816,1.7539062,1,10.89653
283865,831505891,486,19.816833,1.6032715,-2.7646484,-1,5.206449,1.2290039,-1.829834,1,9.920017
283865,831810659,486,37.65335,-0.36169434,0.4048462,1,6.282584,-1.03125,0.3045044,-1,10.604358
283865,832678828,486,56.075012,1.6071777,0.1647644,1,27.866758,1.3920898,0.015647888,-1,10.356346
283865,906871796,524,32.565334,-2.1367188,-0.58654785,-1,19.400576,-2.418457,-0.3499756,1,9.256754
283865,907032192,524,19.794039,-1.3395996,1.8588867,-1,7.147113,-1.5429688,2.6450195,1,9.4281435
283865,907660201,524,31.8731,0.73083496,-1.6401367,1,21.01146,0.43743896,-1.3515625,-1,10.651175
283865,929967019,536,31.390757,0.8486328,-2.8476562,1,13.010872,0.34344482,-2.8061523,-1,10.352527
283865,1061824882,606,31.408186,-2.4501953,-0.6855469,1,18.084335,-2.2407227,-1.0881348,-1,10.762711
283865,673755994,394,27.681234,1.1391602,-2.949707,-1,17.134357,1.5744629,-3.1069336,1,10.149035
283865,673812973,394,35.202133,-2.3105469,1.7185059,-1,7.035128,-2.1801758,2.3149414,1,9.472823
283865,673897027,394,24.892149,0.66259766,-0.26306152,-1,15.669818,0.21661377,-0.025157928,1,10.042378
283865,904309536,522,29.083693,-0.84716797,-2.6157227,1,6.231945,-0.20635986,-2.9819336,-1,10.0521345
283865,1275126263,729,25.606197,1.1047363,2.5234375,-1,22.995016,1.0644531,2.9155273,1,9.503777
283865,1276698337,729,16.600067,0.04584503,-1.4838867,-1,7.1631203,0.79174805,-1.0268555,1,9.679347
283865,1417064797,803,7.88566,-0.6705322,2.703125,-1,5.469508,-2.0297852,2.3989258,1,9.833483
283865,1417984085,803,46.477444,-0.88378906,-3.0234375,-1,41.879017,-0.6682129,-3.022461,1,9.529508
283865,1545490940,873,18.73951,0.35235596,1.3129883,1,17.350357,-0.2355957,1.2995605,-1,10.75777
283865,1744154819,979,26.39438,0.5036621,-1.0859375,-1,15.823378,0.973999,-0.98583984,1,9.913998
283865,1744193883,979,24.641327,-0.64367676,-3.0996094,1,24.530386,-1.0583496,-3.0932617,-1,10.269489
283865,1758915999,987,25.911972,-1.572998,-2.9804688,1,18.624767,-1.114502,-3.1020508,-1,10.5056715
283865,1759550624,987,26.863035,1.9624023,-0.64575195,-1,8.794247,2.090332,-0.058799744,1,9.107967
283865,1759082781,987,8.48597,1.2734375,3.0151367,1,7.0916133,0.1701355,-2.8486328,-1,9.561677
283865,1758752924,987,17.596489,-1.223877,3.1123047,1,11.633929,-1.8701172,2.8901367,-1,9.928479
283865,1848542926,1033,30.035513,-0.8625488,1.463623,1,23.475775,-0.56469727,1.6708984,-1,9.6541
283865,1848849704,1033,27.548101,0.60876465,-1.2790527,1,25.82511,0.5383301,-1.6669922,-1,10.452856
283865,1874588790,1047,27.2449,-1.6374512,2.5307617,1,26.771128,-1.8828125,2.286621,-1,9.348818
283865,1875821815,1047,46.367867,1.6298828,-0.63916016,1,13.922663,2.050293,-0.67492676,-1,10.799306
283865,1875986255,1047,64.33387,1.4768066,1.4643555,-1,40.21379,1.4008789,1.6491699,1,10.150431
283865,1547480204,874,32.074837,1.8544922,0.5076904,1,28.415964,2.1157227,0.7532959,-1,10.828565
283865,1568817054,886,53.77923,0.24917603,-0.17401123,-1,19.743967,0.044326782,-0.40673828,1,10.097668
283865,1569004502,886,38.463287,-1.7805176,1.9831543,-1,18.940481,-1.4233398,1.9169922,1,9.854608
283865,1637889188,925,74.816925,-1.7084961,-1.1762695,1,9.556586,-1.8115234,-1.5585938,-1,10.528421
283865,1746878230,981,41.26264,-1.6931152,2.659668,1,35.05645,-1.5839844,2.4086914,-1,10.387041
283865,2112992128,1177,26.157608,-0.913208,-1.9326172,-1,11.813495,-0.954834,-1.3405762,1,10.282093
283865,2113870044,1177,17.194347,-1.1855469,0.97473145,1,15.63091,-1.7456055,0.7043457,-1,10.298404
283934,15802983,10,46.786533,1.8205566,1.9445801,-1,14.072716,1.7634277,2.3710938,1,10.9601555
283934,14868609,10,49.072647,-1.0795898,1.0549316,-1,13.412819,-1.4055176,0.9147949,1,9.135001
283934,16058052,10,58.637646,-2.1606445,-0.8977051,1,17.095654,-2.0351562,-0.61364746,-1,9.805929
283934,15252963,10,10.155596,-2.1049805,-1.3154297,-1,5.375006,-1.8586426,-2.9555664,1,10.957471
283934,62753369,38,34.91373,-1.7131348,-2.7402344,1,5.597551,-1.6948242,2.8793945,-1,9.110487
283934,63305084,38,25.435158,-0.43017578,-0.6804199,-1,9.363484,-0.099227905,-1.2055664,1,9.513566
283934,210056691,124,26.202316,2.137207,1.4575195,1,23.170391,2.3999023,1.2006836,-1,9.053228
283934,210834256,124,10.148756,-2.3520508,2.418457,1,5.0909133,-1.2885742,-2.9975586,-1,10.031506
283934,367068127,225,110.726906,1.2185059,-2.9521484,1,62.75583,1.3115234,-3.0234375,-1,9.769212
283934,414932239,259,36.767036,-1.9616699,-1.8757324,-1,5.66191,-2.243164,-2.599121,1,10.994228
283934,414682495,259,18.680986,-1.6462402,-0.7290039,1,7.498656,-1.3557129,-1.5473633,-1,10.030033
283934,511763140,316,7.9619355,1.7719727,-2.1074219,-1,5.3379173,1.7075195,2.2910156,1,10.555853
283934,511719803,316,42.6097,-0.7998047,2.9042969,-1,14.446671,-0.8835449,-2.989746,1,9.8165045
283934,874073178,521,27.469913,1.8205566,2.6342773,1,5.4853735,1.0756836,2.4985352,-1,9.503443
283934,1420604458,835,21.467154,-1.9689941,-2.8549805,-1,17.371403,-2.0288086,2.9487305,1,9.24324
283934,1472414582,861,48.31601,-2.130371,-0.60498047,1,39.78015,-2.349121,-0.5628662,-1,9.784394
283934,1471614302,861,8.326395,1.6166992,1.333252,1,6.7015624,0.6656494,0.21115112,-1,10.843443
283934,688292050,420,31.777925,1.8842773,-1.3562012,1,25.804905,1.9658203,-0.9954834,-1,10.536024
283934,723531945,439,33.510025,-1.3776855,2.1826172,1,15.206578,-1.6367188,1.8564453,-1,9.387024
283934,722829728,439,31.292513,-0.105163574,-1.6921387,1,29.07101,-0.37945557,-1.5141602,-1,9.879931
283934,742519507,449,23.149317,-0.9407959,1.2185059,-1,14.922972,-1.3457031,1.5537109,1,9.791353
283934,1218799180,722,55.0988,2.0302734,-2.3295898,1,41.791782,2.227539,-2.340332,-1,9.495887
283934,1248181156,738,18.9386,0.5765381,2.4238281,1,7.945341,-0.12930298,2.6894531,-1,9.417375
283934,1249590690,738,30.821384,-0.6442871,-2.1572266,1,13.230405,-1.0778809,-2.3417969,-1,9.5773735
283934,1248877250,738,41.037846,-2.1245117,-2.2827148,-1,38.387035,-2.3129883,-2.4189453,1,9.233092
281639,75196307,48,10.642882,0.82336426,-1.2314453,-1,6.9643307,0.03756714,-2.0898438,1,9.975724
281641,87079361,53,48.861855,-1.9924316,-1.9682617,-1,29.162134,-1.7255859,-1.9123535,1,10.321019
281797,1216924931,796,35.48414,-0.9881592,1.6254883,1,22.13709,-0.84033203,1.9709473,-1,10.488764
282037,911279564,500,6.633419,1.3603516,-0.030960083,1,7.1032686,0.11463928,0.86743164,-1,10.891169
282037,915878313,502,56.46142,0.47424316,-2.9282227,1,43.722275,0.6557617,-2.8979492,-1,9.155717
282037,916342238,502,31.264292,0.28033447,2.2885742,1,30.462202,-0.0015950203,2.3945312,-1,9.32116
282037,916428861,502,53.50582,1.6306152,2.415039,1,17.682863,1.4025879,2.6264648,-1,9.567605
282037,1003435056,552,26.683134,-0.6171875,0.50683594,1,20.102955,-0.864624,0.12689209,-1,10.465041
282037,1157562085,644,40.695778,0.36273193,1.5341797,1,14.170003,0.5888672,1.8374023,-1,9.068061
282037,1157294754,644,25.858955,2.241211,-2.425293,1,7.487288,2.290039,-1.6567383,-1,10.454795
282037,1157908311,644,20.13638,2.3105469,2.4267578,-1,14.720126,1.7185059,2.584961,1,10.694351
282092,1984079932,1211,51.49072,1.0327148,0.20812988,-1,36.05971,1.1933594,0.3522339,1,9.301482
282092,1984781692,1211,24.97732,-2.0629883,1.4650879,1,13.235419,-1.828125,1.9387207,-1,9.544816
282092,1984106648,1211,21.336063,2.415039,-0.47583008,-1,16.929405,1.9130859,-0.3411255,1,9.973794
282092,2045435112,1245,19.510344,-1.333252,1.5344238,1,14.275098,-1.7932129,1.1293945,-1,10.248904
282092,2045729998,1245,28.775373,-0.041984558,1.9775391,-1,15.761222,0.38909912,1.7075195,1,10.884032
282092,2045530913,1245,64.97516,-1.7084961,0.9522705,-1,64.084984,-1.8710938,0.98327637,1,10.692433
282092,2045453972,1245,35.717144,2.0551758,-2.1137695,1,9.483765,2.3876953,-2.5410156,-1,9.934748
282092,2047966337,1246,28.775578,0.48010254,2.9863281,1,20.590286,0.30615234,-2.925293,-1,9.941675
282092,2048157506,1247,31.153864,0.2177124,1.71875,-1,9.739796,0.04109955,1.1364746,1,10.46384
282092,2049201834,1247,30.568304,-2.3261719,1.0463867,-1,25.782501,-1.9973145,0.98083496,1,9.453629
282092,2049334087,1247,17.75387,-1.3083496,-0.008111954,-1,11.898738,-0.8195801,-0.41503906,1,9.272526
282092,2125265934,1291,22.984882,-2.324707,1.9663086,-1,14.614394,-1.9296875,2.3173828,1,9.698884
282092,2125508073,1291,18.906937,0.55249023,0.2876587,-1,13.239941,1.0200195,0.63305664,1,9.235234
282092,2124722736,1291,37.69187,1.9692383,2.258789,-1,7.023923,2.1542969,2.8344727,1,9.717494
282092,2125248250,1291,53.214577,-2.1621094,-0.3562622,-1,41.74241,-2.3657227,-0.36901855,1,9.629058
282092,2139015822,1299,21.877357,1.1992188,-1.5131836,1,13.436085,0.9569092,-0.95043945,-1,10.392304
282092,2139915209,1299,25.980331,0.2682495,-0.0022559166,1,13.16799,0.8046875,-0.14419556,-1,10.378435
282092,163637284,172,29.515228,1.7028809,-2.5019531,-1,15.143156,1.5463867,-2.0766602,1,9.518434
282092,163570416,172,25.780916,-1.159668,-1.4672852,-1,11.576138,-0.5909424,-1.5888672,1,10.176806
282092,168307643,175,7.044893,2.3583984,0.24743652,-1,5.3508,2.4394531,-1.4448242,1,9.207302
282092,168578665,175,11.889781,-2.012207,2.9140625,-1,5.2861667,-0.8022461,2.6206055,1,10.448769
282092,169048455,175,41.33983,1.1369629,-1.3796387,1,32.138485,1.385498,-1.3034668,-1,9.496916
282092,255136063,235,25.74855,0.040802002,-1.0251465,1,13.949957,0.4105835,-1.3464355,-1,9.29721
282092,256212765,235,35.666534,-0.24304199,-1.5048828,1,12.345487,-0.5548096,-1.8183594,-1,9.276961
282735,2796608089,1500,37.196095,-1.246582,-1.9602051,-1,6.0868883,-0.7451172,-2.3413086,1,9.519588
282735,2795324029,1500,19.488518,1.2875977,-2.8642578,-1,17.100552,1.2416992,-2.328125,1,9.706886
282735,2932146566,1574,22.652748,0.49951172,0.8503418,-1,15.336812,0.1340332,1.2612305,1,10.235209
282735,2932448883,1574,46.13429,-0.44683838,2.2685547,1,15.819837,-0.55651855,1.9082031,-1,10.126182
282735,2932449878,1574,18.287333,-1.9519043,0.71240234,1,13.280303,-1.845459,0.082336426,-1,9.799105
282735,3151331343,1700,20.305195,0.28814697,0.50927734,1,14.234497,-0.21002197,0.32763672,-1,9.095938
282735,3150633323,1700,25.483358,-1.3342285,-0.027053833,-1,12.9959345,-1.8605957,0.20639038,1,10.576591
282735,3153158789,1701,26.841986,-0.6480713,3.0766602,1,10.555983,-0.099609375,3.090332,-1,9.351135
282735,3200631847,1729,21.408152,1.5830078,0.58447266,1,11.780267,1.4643555,1.237793,-1,10.3645
282735,3200963908,1729,29.780281,-1.376709,2.0864258,1,27.155329,-1.5688477,1.7998047,-1,9.7942705
282735,3201585508,1729,19.590534,-1.2873535,-1.6816406,1,17.420372,-0.8104248,-1.8391113,-1,9.357105
282800,29340878,21,31.11531,0.53186035,-2.8461914,-1,16.998009,0.7302246,-2.4804688,1,9.530764
282800,93610047,55,23.051584,0.2142334,2.6430664,-1,24.33811,-0.10246277,2.9394531,1,10.279374
282800,93279499,55,30.17711,1.9719238,-0.64123535,1,5.757224,2.0683594,-1.3754883,-1,9.547169
282800,140263170,81,35.765923,2.1914062,-2.6884766,1,21.871729,1.8793945,-2.883789,-1,10.321019
282800,140635644,81,10.363892,0.3880005,0.7564697,1,5.475173,0.2338562,-0.83251953,-1,10.8122
282800,140797336,81,16.698618,-0.2850952,-1.4082031,-1,7.665063,0.28552246,-2.0908203,1,10.009029
282800,139975830,81,35.91195,-1.612793,-1.0510254,-1,34.618134,-1.3261719,-1.0317383,1,10.163315
282800,141056977,81,28.310886,-0.29003906,-0.5600586,-1,18.40328,-0.1656189,-0.9923096,1,10.193909
282800,160674373,92,65.239426,1.7126465,-2.5043945,1,28.654034,1.8598633,-2.6689453,-1,9.544305
282800,161293301,92,71.33244,0.2979126,-2.881836,1,28.971193,0.41638184,-3.0722656,-1,10.1859665
282800,161452664,92,10.069933,-1.7001953,1.7822266,1,6.110993,-2.3398438,2.7768555,-1,9.059375
282800,443766226,240,44.103558,0.7762451,-1.8605957,-1,26.9368,0.88879395,-1.6010742,1,9.727689
282800,463700390,251,37.90516,0.8952637,1.0151367,-1,5.0387883,1.5812988,1.1660156,1,9.889971
282800,714198261,375,6.732826,-1.8947754,0.056175232,-1,6.081902,-1.7104492,1.9853516,1,10.583853
282800,713699245,375,32.081688,0.16647339,1.927002,1,17.71827,0.5743408,1.9382324,-1,9.795529
282800,713918753,375,35.55501,1.9074707,1.2468262,1,12.480555,1.4570312,1.2856445,-1,9.603974
282800,438354265,238,62.7641,2.3251953,-1.3742676,-1,16.651642,2.2583008,-1.0791016,1,9.751602
282800,438691151,238,42.46889,1.0708008,-1.5708008,1,11.290948,1.2226562,-1.1052246,-1,10.637469
282800,624604472,328,17.67412,-1.6645508,0.16329956,1,5.9297905,-1.8491211,1.2255859,-1,10.54207
282800,623525743,328,23.601315,-0.21786499,-2.8188477,1,19.153883,0.25109863,-2.678711,-1,10.4937315
282807,363322893,183,51.48861,-2.3051758,-2.9882812,1,20.093264,-2.010254,-3.1201172,-1,10.422332
282807,573025291,291,30.403173,0.015604019,-1.925293,1,31.89085,0.24224854,-1.7150879,-1,9.628196
282807,604711692,306,25.59531,-1.3435059,-2.1123047,1,14.044777,-1.8056641,-2.3847656,-1,10.231166
282807,604126796,306,22.0167,-1.020752,-2.7792969,1,15.655029,-0.6479492,-2.4311523,-1,9.477126
282807,603402631,306,28.552431,-1.8808594,0.5545654,1,12.724797,-2.213379,0.977417,-1,10.224912
282807,629252173,323,30.205372,-1.9074707,-1.4816895,-1,18.387093,-1.6357422,-1.8068848,1,9.973891
282807,547018384,278,35.30334,-1.5979004,-2.880371,1,25.468317,-1.2783203,-2.84375,-1,9.68619
282807,546431590,278,85.82661,-1.2685547,-3.0722656,1,11.10209,-1.6022949,3.1376953,-1,10.593335
282807,550389157,279,24.308392,-0.8138428,1.435791,1,12.024371,-0.43182373,1.8928223,-1,10.157572
282807,607473466,308,42.75942,-0.6455078,-2.1552734,-1,11.692894,-0.83483887,-2.5288086,1,9.323714
282807,607516723,308,34.195965,0.5505371,-2.324707,1,15.982841,0.6582031,-2.730957,-1,9.762662
282807,608606639,308,14.549705,2.1791992,-2.6669922,-1,12.796777,1.9780273,-1.9003906,1,10.569848
282807,625293587,319,36.96303,-1.0678711,-1.1000977,1,23.132223,-0.73095703,-0.9772949,-1,10.528885
282814,36304633,18,27.201332,2.008789,-2.2734375,1,15.841618,1.6430664,-2.5864258,-1,10.00781
282814,155274225,79,32.572914,-2.0981445,-0.07879639,1,11.351189,-1.6972656,0.32666016,-1,10.962649
282814,163528066,83,47.91584,0.5280762,1.6303711,1,17.706686,0.17788696,1.7478027,-1,10.807305
282814,178035986,91,32.261246,-0.91625977,-1.6166992,-1,12.276401,-1.0148926,-2.097168,1,9.671636
282814,177564392,91,24.602638,0.49291992,-1.3503418,1,12.801415,0.3638916,-1.9309082,-1,10.414341
282814,178473623,91,35.334282,-0.32250977,2.7363281,-1,19.104845,-0.34265137,2.3676758,1,9.538458
282814,179047106,91,29.012466,-0.9456787,2.1142578,-1,10.803055,-0.7150879,1.597168,1,9.934441
282814,194279043,100,33.508823,0.13522339,-0.34735107,-1,17.07703,-0.056350708,0.04307556,1,10.35327
282814,197439814,101,28.901848,-0.33410645,1.831543,1,21.271269,-0.6242676,2.130371,-1,10.325524
282814,196520087,101,34.218437,1.713623,2.2739258,1,14.744162,2.168457,2.1918945,-1,10.467771
282814,238084457,123,22.605024,-2.0151367,-2.3916016,-1,7.691674,-1.8000488,-3.1044922,1,9.630984
282814,238072657,123,44.129448,1.4348145,-2.6523438,1,14.439335,1.8244629,-2.6669922,-1,9.905412
282814,239326290,123,146.59529,1.8046875,-0.43878174,-1,102.16527,1.7241211,-0.39892578,1,10.994317
282814,631172459,320,28.723438,0.9526367,0.023368835,-1,16.702858,1.0544434,-0.3980713,1,9.430538
282814,630112455,320,25.430878,1.1032715,2.7504883,1,13.295438,0.6138916,2.590332,-1,9.552947
282814,630777837,320,21.095608,-0.22055054,2.432129,1,12.641252,0.30706787,2.2734375,-1,9.092703
282814,763046647,393,18.71287,-0.93408203,-0.6173096,-1,7.789701,-1.3232422,-1.2915039,1,9.281223
282814,227750677,117,15.279135,-1.7753906,-0.24804688,-1,9.961277,-2.0161133,0.5541992,1,10.083441
282814,226923871,117,42.755257,1.9367676,1.5622559,1,5.5093904,2.3706055,1.0871582,-1,9.859164
282814,227857957,117,148.99924,-1.2609863,2.7822266,-1,82.58019,-1.2399902,2.8779297,1,10.864219
282814,659579095,335,55.901646,0.10002136,2.0795898,1,30.039394,0.22698975,2.3017578,-1,10.471548
282919,245597775,129,24.973085,0.05165863,2.7490234,-1,15.206188,0.46551514,2.4594727,1,9.878831
282919,245368978,129,34.14682,0.119781494,-1.9753418,-1,14.439416,0.46813965,-1.6816406,1,10.132532
282919,245579608,129,20.40827,-0.98669434,-0.31079102,1,11.067477,-1.4016113,-0.8547363,-1,10.229531
282919,433877771,222,68.46084,-1.6757812,0.89697266,1,12.401076,-2.043457,0.9281006,-1,10.8125
282919,432607154,222,37.700607,-1.3959961,0.21569824,1,11.315625,-0.9822998,0.47912598,-1,10.173063
282919,432631447,222,8.659349,-1.1589355,-0.36279297,1,5.29221,-0.6687012,-1.982666,-1,10.362744
282922,114252797,63,53.394215,-2.2021484,-0.8964844,1,38.002346,-2.2958984,-0.6904297,-1,10.181939
282923,312705446,156,41.455917,-1.8190918,1.5446777,-1,15.612161,-1.7646484,1.9736328,1,10.917481
282923,313752101,156,33.583183,-0.77563477,0.6723633,-1,20.496294,-1.0129395,0.39038086,1,9.660042
282923,363326323,183,27.616829,-2.1391602,2.4804688,1,8.891834,-2.2871094,3.0800781,-1,9.542667
282923,363802395,183,33.6887,0.324646,2.8276367,1,16.929373,0.033493042,-3.099121,-1,10.971799
282923,363332439,183,51.636353,-2.0375977,-1.6608887,-1,5.9355135,-1.9350586,-2.2163086,1,9.765613
282923,363137958,183,23.618166,-0.15859985,-1.0395508,-1,17.08744,0.24920654,-1.333252,1,10.129893
282923,373567275,188,17.605724,2.4370117,3.0932617,-1,7.1620092,2.2993164,2.1533203,1,10.28766
282923,374253484,188,29.988977,0.63916016,1.2138672,-1,12.398184,1.1105957,1.3969727,1,9.82887
282923,431196603,219,27.70725,-0.8286133,-0.67004395,-1,7.5970893,-0.23522949,-0.99658203,1,9.927828
282923,432079702,219,42.039566,0.4958496,-2.0429688,1,11.905562,0.7779541,-2.4267578,-1,10.626252
282923,430615373,219,20.017965,1.4401855,-1.9919434,-1,6.4096346,2.3637695,-2.0708008,1,10.874304
282923,430564572,219,19.581741,1.7746582,3.0024414,1,13.264113,1.4018555,2.428711,-1,10.940513
282923,430400945,219,18.67991,-0.8078613,1.4379883,1,16.047625,-0.4951172,1.0119629,-1,9.118597
282923,430952255,219,23.11081,0.49224854,0.99450684,-1,12.767265,1.0402832,1.184082,1,10.071376
282923,430634707,219,55.597557,0.08128357,-0.852417,-1,46.58751,-0.10220337,-0.77075195,1,10.23298
283043,909867295,479,41.438316,-2.3408203,-2.3881836,1,15.322045,-2.400879,-2.8076172,-1,10.599234
283043,920380623,485,24.048893,-0.83374023,-2.934082,-1,11.295966,-1.4035645,-2.7392578,1,10.044809
283043,921477737,485,27.657576,0.80163574,1.5239258,1,13.594218,1.222168,1.2348633,-1,9.933532
283043,921884959,485,46.89042,0.25091553,-2.4731445,-1,25.503193,0.33221436,-2.7631836,1,10.382856
283043,954966750,502,44.162716,-1.4287109,-2.3076172,1,36.846233,-1.1694336,-2.3291016,-1,10.52434
283049,52726284,89,22.319464,-0.6984863,2.1987305,1,17.782974,-1.1889648,2.2402344,-1,9.904352
283049,51331222,89,32.039555,-0.91137695,-0.5888672,1,5.894996,-1.2150879,0.14471436,-1,10.710718
283059,324079634,174,34.28109,1.2822266,-1.8200684,1,5.9914,1.6738281,-1.2385254,-1,9.971468
283059,325233649,174,25.31374,0.81030273,1.9064941,1,14.213616,1.1953125,1.6298828,-1,9.019429
283059,745755452,395,24.555021,-1.5881348,-2.1411133,-1,17.3356,-2.0161133,-2.307129,1,9.532941
283059,746118828,395,22.736935,0.80651855,-2.244629,1,16.453114,0.7821045,-1.7468262,-1,9.540799
283059,745833601,395,34.969547,1.3688965,0.8856201,-1,5.8714314,1.8967285,1.2460938,1,9.216048
283059,744845759,395,50.882507,2.0083008,1.2363281,-1,41.02426,1.854248,1.0751953,1,10.184624
283306,133052653,71,28.641525,0.18182373,-2.3027344,-1,5.052877,0.15777588,-1.3942871,1,10.560691
283306,132951473,71,33.994453,-2.4360352,2.5996094,-1,20.35466,-2.1220703,2.4379883,1,9.316903
283306,132396252,71,24.142569,-0.9355469,0.14822388,1,19.769667,-1.0461426,0.5727539,-1,9.517305
283306,283933319,155,64.761566,-0.32739258,-1.7265625,1,35.275574,-0.51123047,-1.8024902,-1,9.517767
283306,284836068,155,34.54516,-0.8643799,-0.75,-1,20.502512,-0.5280762,-0.64746094,1,9.396954
283306,327590635,180,27.813719,2.425293,0.047027588,-1,5.600434,2.0410156,-0.71325684,1,10.443673
283306,327623442,180,36.194324,1.5900879,0.7282715,1,9.68873,2.0263672,0.9536133,-1,9.249367
283306,328935268,180,32.176456,-1.7177734,1.6213379,-1,7.8519735,-2.321289,1.543457,1,9.817276
283306,384265558,212,101.52272,-1.6757812,-2.9873047,-1,5.8355527,-2.086914,-3.1191406,1,10.576359
283306,384028720,212,24.491743,1.0437012,0.14361572,1,17.033152,0.76501465,-0.27062988,-1,10.157741
283306,384920562,212,24.112741,1.4025879,1.2648926,-1,6.1178255,1.8098145,0.5477295,1,9.873072
283306,384629069,212,100.86594,1.362793,-1.2458496,1,6.64682,0.9674072,-1.1362305,-1,10.687317
283358,1484546657,814,47.52079,-0.50805664,-0.25720215,-1,32.17369,-0.55737305,-0.0016026497,1,10.151922
283358,1485001497,814,20.40582,-0.5949707,-2.2060547,1,17.202686,-0.66503906,-2.709961,-1,9.43336
283358,1485182350,814,45.96624,-1.6271973,-0.16430664,1,39.606007,-1.8427734,-0.10568237,-1,9.550442
283358,1498590321,822,15.99557,0.07258606,-1.604248,-1,12.85159,-0.013233185,-0.88623047,1,10.149863
283358,1665174668,923,21.901482,-0.6218262,-3.0620117,-1,14.132869,-1.1992188,-3.012207,1,10.337245
283358,1677469076,931,19.306116,-1.0683594,0.21554565,-1,15.432627,-1.3190918,-0.27575684,1,9.450452
283358,1678115467,931,31.630238,0.2406311,2.4765625,1,10.24733,0.6125488,2.9189453,-1,10.380646
283359,10149792,7,23.216738,-1.2492676,0.9366455,-1,16.800594,-1.5090332,0.53796387,1,9.362126
283359,10784455,7,25.955772,-1.934082,3.1118164,-1,18.524729,-2.307129,2.928711,1,9.152783
283359,29028751,19,20.371395,0.44891357,2.5957031,1,19.493383,0.67907715,3.0498047,-1,10.080668
283359,28363323,19,18.988808,-0.4387207,-1.8354492,1,11.885014,-0.34143066,-1.2131348,-1,9.314223
283359,56100099,37,22.848166,1.8828125,0.24713135,1,9.296954,1.2697754,0.6743164,-1,10.979117
283416,178348488,77,31.458088,-0.26849365,3.0625,-1,11.877292,-0.7751465,3.0776367,1,9.902823
283416,194266489,87,35.14743,0.19915771,1.1804199,1,15.629584,-0.15585327,1.3815918,-1,9.59805
283416,194802479,87,32.262733,-0.49066162,-2.0605469,-1,13.171998,-0.7330322,-1.6320801,1,10.095407
283416,209541052,95,17.98458,-1.1467285,-2.135254,-1,12.439212,-0.56933594,-2.2773438,1,9.010349
283416,208364390,95,37.93881,-0.9255371,-1.1289062,1,12.93147,-0.88964844,-0.6470947,-1,10.598888
283416,220330207,102,20.003855,0.9012451,2.0546875,-1,14.323253,1.3930664,1.7495117,1,9.8586445
283416,225574211,105,55.480335,1.9584961,-3.1259766,1,9.313452,1.6259766,-2.8344727,-1,10.063664
283416,226139486,105,27.734491,1.3496094,-2.0307617,1,18.591742,1.7202148,-2.215332,-1,9.442155
283416,237137536,112,25.98403,-0.9086914,-1.6677246,1,13.812484,-0.696167,-2.1958008,-1,10.679524
283416,238264854,112,20.563356,-1.1621094,-1.5627441,-1,15.495608,-0.9128418,-1.0795898,1,9.635838
283416,241664101,114,64.9054,-1.8566895,1.8085938,-1,8.212161,-1.4350586,1.7270508,1,9.984754
283416,242938723,115,27.938122,-0.538208,-1.2495117,1,25.860846,-0.7390137,-0.9350586,-1,10.004369
283416,308419745,154,24.99786,-0.5374756,2.1376953,1,13.692591,-1.0134277,2.3076172,-1,9.4272375
283416,307387944,154,34.52768,-0.12281799,2.8100586,1,13.558286,-0.5258789,2.9345703,-1,9.183487
283416,307737604,154,25.035452,-2.265625,1.4526367,-1,8.875761,-2.3251953,2.0683594,1,9.077682
283416,410641674,217,30.481794,1.2893066,-0.057044983,1,20.262463,1.5808105,-0.3468628,-1,10.216169
283416,412813305,219,72.77681,1.2585449,1.2148438,-1,33.44421,1.0620117,1.1870117,1,9.80812
283416,413913465,219,19.230465,-0.46185303,-1.6855469,-1,12.697771,-1.026123,-2.0922852,1,10.939682
283416,412974317,219,25.898647,-0.41986084,-2.0175781,-1,11.007413,-0.12150574,-1.5146484,1,9.806384
283416,418644227,223,23.412893,0.27514648,-1.2399902,-1,22.121553,-0.12945557,-1.4104004,1,10.047567
283416,418658863,223,28.327234,0.3675537,2.9291992,-1,8.249771,-0.17175293,-3.0043945,1,9.894654
283416,428970424,234,33.16691,-1.1694336,-1.9362793,-1,14.263822,-1.1740723,-1.454834,1,10.371375
283416,428864955,234,25.853502,0.5456543,2.6982422,1,12.665086,0.27209473,3.1210938,-1,9.073942
283453,645297570,439,22.544579,2.331543,3.0356445,-1,8.30139,1.623291,-2.909668,1,10.9099655
283453,645571038,439,51.819473,-0.49035645,-2.1201172,-1,4.80043,-0.20013428,-1.4768066,1,10.979306
